-- phpMyAdmin SQL Dump
-- version 4.1.4
-- http://www.phpmyadmin.net
--
-- 主機: 127.0.0.1
-- 產生時間： 2014 年 09 月 16 日 14:51
-- 伺服器版本: 5.6.15-log
-- PHP 版本： 5.5.8

SET SQL_MODE = "NO_AUTO_VALUE_ON_ZERO";
SET time_zone = "+00:00";


/*!40101 SET @OLD_CHARACTER_SET_CLIENT=@@CHARACTER_SET_CLIENT */;
/*!40101 SET @OLD_CHARACTER_SET_RESULTS=@@CHARACTER_SET_RESULTS */;
/*!40101 SET @OLD_COLLATION_CONNECTION=@@COLLATION_CONNECTION */;
/*!40101 SET NAMES utf8 */;

--
-- 資料庫： `ks-car2`
--

-- --------------------------------------------------------

--
-- 資料表結構 `details_info`
--

DROP TABLE IF EXISTS `details_info`;
CREATE TABLE IF NOT EXISTS `details_info` (
  `id` int(11) NOT NULL AUTO_INCREMENT,
  `zh` varchar(255) NOT NULL,
  `en` varchar(255) NOT NULL,
  `active` int(11) NOT NULL,
  PRIMARY KEY (`id`)
) ENGINE=MyISAM  DEFAULT CHARSET=utf8 AUTO_INCREMENT=5 ;

--
-- 資料表的匯出資料 `details_info`
--

INSERT INTO `details_info` (`id`, `zh`, `en`, `active`) VALUES
(1, 'zh', 'TPPD', 1),
(2, 'zh', 'TPPD U', 1),
(3, 'zh', 'TPPD Y', 1),
(4, 'zh', 'TPPD I', 1);

-- --------------------------------------------------------

--
-- 資料表結構 `driving-exp`
--

DROP TABLE IF EXISTS `driving-exp`;
CREATE TABLE IF NOT EXISTS `driving-exp` (
  `id` int(11) NOT NULL AUTO_INCREMENT,
  `id_value` varchar(255) NOT NULL,
  `name_zh` varchar(255) NOT NULL,
  `name_en` varchar(255) NOT NULL,
  PRIMARY KEY (`id`),
  KEY `id_value` (`id_value`)
) ENGINE=MyISAM  DEFAULT CHARSET=utf8 AUTO_INCREMENT=5 ;

--
-- 資料表的匯出資料 `driving-exp`
--

INSERT INTO `driving-exp` (`id`, `id_value`, `name_zh`, `name_en`) VALUES
(1, 'lt_1yr', '&lt; 1 年', '&lt; 1 Year'),
(2, '1to2', '1-2 年', '1-2 Year'),
(3, 'gt_2yr', '&gt; 2 年', '&gt; 2 Years');

-- --------------------------------------------------------

--
-- 資料表結構 `insurance-type`
--

DROP TABLE IF EXISTS `insurance-type`;
CREATE TABLE IF NOT EXISTS `insurance-type` (
  `id` int(11) NOT NULL AUTO_INCREMENT,
  `id_value` varchar(255) NOT NULL,
  `name_zh` varchar(255) NOT NULL,
  `name_en` varchar(255) NOT NULL,
  PRIMARY KEY (`id`),
  KEY `id_value` (`id_value`)
) ENGINE=MyISAM  DEFAULT CHARSET=utf8 AUTO_INCREMENT=4 ;

--
-- 資料表的匯出資料 `insurance-type`
--

INSERT INTO `insurance-type` (`id`, `id_value`, `name_zh`, `name_en`) VALUES
(1, 'Third_Party_Only', '第三者保險', 'Third Party'),
(2, 'Comprehensive', '綜合保險', 'Comprehensive'),
(3, 'Comprehensive_Third_Party', '綜合 / 第三者保險', 'Third Party and Comp.');

-- --------------------------------------------------------

--
-- 資料表結構 `make`
--

DROP TABLE IF EXISTS `make`;
CREATE TABLE IF NOT EXISTS `make` (
  `id` int(11) NOT NULL AUTO_INCREMENT,
  `make` varchar(64) NOT NULL,
  `active` int(11) NOT NULL,
  PRIMARY KEY (`id`)
) ENGINE=MyISAM  DEFAULT CHARSET=utf8 AUTO_INCREMENT=65 ;

--
-- 資料表的匯出資料 `make`
--

INSERT INTO `make` (`id`, `make`, `active`) VALUES
(1, 'Acura', 1),
(2, 'Alfa Romeo', 1),
(3, 'Aston Martin', 1),
(4, 'Audi', 1),
(5, 'Bentley', 1),
(6, 'BMW', 1),
(7, 'Bugatti', 1),
(8, 'Cadillac', 1),
(9, 'Chery', 1),
(10, 'Chrysler', 1),
(11, 'Citroen', 1),
(12, 'Daewoo', 1),
(13, 'Daihatsu', 1),
(14, 'Daimler', 1),
(15, 'Ferrari', 1),
(16, 'Fiat', 1),
(17, 'Ford', 1),
(18, 'Gumpert', 1),
(19, 'Honda', 1),
(20, 'HSV', 1),
(21, 'Hummer', 1),
(22, 'Hyundai', 1),
(23, 'Infiniti', 1),
(24, 'Isuzu', 1),
(25, 'Jaguar', 1),
(26, 'Jeep', 1),
(27, 'Kia', 1),
(28, 'Lamborghini', 1),
(29, 'Land Rover', 1),
(30, 'Lexus', 1),
(31, 'Lotus', 1),
(32, 'Maserati', 1),
(33, 'Maybach', 1),
(34, 'Mazda', 1),
(35, 'Mclaren', 1),
(36, 'Mercedes-Benz', 1),
(37, 'MINI', 1),
(38, 'Mitsubishi', 1),
(39, 'Mitsuoka', 1),
(40, 'Nismo Division', 1),
(41, 'Nissan', 1),
(42, 'Opel', 1),
(43, 'Pagani', 1),
(44, 'Peugeot', 1),
(45, 'Porsche', 1),
(46, 'Renault', 1),
(47, 'Rolls Royce', 1),
(48, 'Rover', 1),
(49, 'Saab', 1),
(50, 'Seat', 1),
(51, 'Skoda', 1),
(52, 'Smart', 1),
(53, 'Spyker', 1),
(54, 'Ssangyong', 1),
(55, 'Subaru', 1),
(56, 'Suzuki', 1),
(57, 'Tesla', 1),
(58, 'Toyota', 1),
(59, 'TVR', 1),
(60, 'Volkswagen', 1),
(61, 'Volvo', 1),
(62, 'Volvo', 1);

-- --------------------------------------------------------

--
-- 資料表結構 `model`
--

DROP TABLE IF EXISTS `model`;
CREATE TABLE IF NOT EXISTS `model` (
  `id` int(11) NOT NULL AUTO_INCREMENT,
  `model` varchar(32) NOT NULL,
  `make` int(11) NOT NULL,
  `active` int(11) NOT NULL,
  PRIMARY KEY (`id`),
  KEY `make` (`make`)
) ENGINE=MyISAM  DEFAULT CHARSET=utf8 AUTO_INCREMENT=971 ;

--
-- 資料表的匯出資料 `model`
--

INSERT INTO `model` (`id`, `model`, `make`, `active`) VALUES
(1, '2.5TL', 1, 1),
(2, '3.2TL', 1, 1),
(3, '3.5RL', 1, 1),
(4, 'Interga', 1, 1),
(5, 'Legend', 1, 1),
(6, 'MDX', 1, 1),
(7, 'NSX', 1, 1),
(8, 'RSX', 1, 1),
(9, 'Vigor', 1, 1),
(10, '33', 2, 1),
(11, '75', 2, 1),
(12, '145', 2, 1),
(13, '146', 2, 1),
(14, '147', 2, 1),
(15, '155', 2, 1),
(16, '156', 2, 1),
(17, '159', 2, 1),
(18, '164', 2, 1),
(19, '166', 2, 1),
(20, '168', 2, 1),
(21, '147 GTA 3.2', 2, 1),
(22, 'Alfa GT 2.0 JTS SELE', 2, 1),
(23, 'Brera 2.2', 2, 1),
(24, 'Brera 3.2', 2, 1),
(25, 'Giulietta', 2, 1),
(26, 'GTV', 2, 1),
(27, 'Mito', 2, 1),
(28, 'Spider', 2, 1),
(29, 'Cygnet', 3, 1),
(30, 'DB7', 3, 1),
(31, 'DB9', 3, 1),
(32, 'DBS', 3, 1),
(33, 'One-77', 3, 1),
(34, 'Rapide', 3, 1),
(35, 'V12 Vantage', 3, 1),
(36, 'V8', 3, 1),
(37, 'V8 Vantage S', 3, 1),
(38, 'Vanquish', 3, 1),
(39, 'Virage', 3, 1),
(40, '80', 4, 1),
(41, '90', 4, 1),
(42, '100', 4, 1),
(43, '200', 4, 1),
(44, 'A1 1.4 Ambition', 4, 1),
(45, 'A1 2 DR', 4, 1),
(46, 'A3', 4, 1),
(47, 'A3 1.4', 4, 1),
(48, 'A4 1.8T', 4, 1),
(49, 'A4 2.0', 4, 1),
(50, 'A4 2.4', 4, 1),
(51, 'A4 2.6', 4, 1),
(52, 'A4 2.8', 4, 1),
(53, 'A4 3.0', 4, 1),
(54, 'A4 3.0 Cabriolet', 4, 1),
(55, 'A5 Coupe', 4, 1),
(56, 'A6 1.8T', 4, 1),
(57, 'A6 2.0', 4, 1),
(58, 'A6 2.4', 4, 1),
(59, 'A6 2.7T', 4, 1),
(60, 'A6 2.8', 4, 1),
(61, 'A6 3.0', 4, 1),
(62, 'A6 3.2', 4, 1),
(63, 'A6 4.2', 4, 1),
(64, 'A7', 4, 1),
(65, 'A8', 4, 1),
(66, 'Allroad', 4, 1),
(67, 'Cabrio', 4, 1),
(68, 'Q3 TFSI Quattro', 4, 1),
(69, 'Q5', 4, 1),
(70, 'Q7 4.2', 4, 1),
(71, 'R8 4.2', 4, 1),
(72, 'S / RS-Series', 4, 1),
(73, 'TT', 4, 1),
(74, 'Arnage', 5, 1),
(75, 'Arnage R', 5, 1),
(76, 'Arnage RL', 5, 1),
(77, 'Arnage T', 5, 1),
(78, 'Azure', 5, 1),
(79, 'Brooklands', 5, 1),
(80, 'Continental', 5, 1),
(81, 'Mulsanne', 5, 1),
(82, 'R', 5, 1),
(83, 'RL', 5, 1),
(84, 'Turbo R', 5, 1),
(85, '116', 6, 1),
(86, '300', 6, 1),
(87, '316', 6, 1),
(88, '320', 6, 1),
(89, '328', 6, 1),
(90, '520', 6, 1),
(91, '523', 6, 1),
(92, '525', 6, 1),
(93, '528', 6, 1),
(94, '530', 6, 1),
(95, '535', 6, 1),
(96, '540', 6, 1),
(97, '545', 6, 1),
(98, '728', 6, 1),
(99, '730', 6, 1),
(100, '735', 6, 1),
(101, '740', 6, 1),
(102, '750', 6, 1),
(103, '760', 6, 1),
(104, '1 Series M Coupe ', 6, 1),
(105, '118I M Sport', 6, 1),
(106, '120I', 6, 1),
(107, '120I Sports', 6, 1),
(108, '130I', 6, 1),
(109, '130IA M Sport Edition', 6, 1),
(110, '135I', 6, 1),
(111, '135IA Coupe', 6, 1),
(112, '220IA Coupe', 6, 1),
(113, '318 2 DR', 6, 1),
(114, '318 4 DR', 6, 1),
(115, '320 2 DR', 6, 1),
(116, '320D', 6, 1),
(117, '323 2 DR / Convertible', 6, 1),
(118, '323 4 DR', 6, 1),
(119, '325 2 DR / Convertible', 6, 1),
(120, '325 4 DR', 6, 1),
(121, '330 2 DR / Convertible', 6, 1),
(122, '330 4 DR', 6, 1),
(123, '335I', 6, 1),
(124, '428iA Sport Edition', 6, 1),
(125, '550IA', 6, 1),
(126, '635 / 645', 6, 1),
(127, '745', 6, 1),
(128, '750I Sport', 6, 1),
(129, '8-Series', 6, 1),
(130, 'i3', 6, 1),
(131, 'L7', 6, 1),
(132, 'M135IA (F20)', 6, 1),
(133, 'Mini Cooper', 6, 1),
(134, 'M-Series', 6, 1),
(135, 'X1', 6, 1),
(136, 'X3 / X5', 6, 1),
(137, 'X6', 6, 1),
(138, 'Z3', 6, 1),
(139, 'Z4', 6, 1),
(140, 'Veyron', 7, 1),
(141, '3CYFN9E3', 8, 1),
(142, '3GYFNFEY', 8, 1),
(143, 'CTS 3.6L Luxury', 8, 1),
(144, 'Seville', 8, 1),
(145, 'A1', 9, 1),
(146, 'Tiggo', 9, 1),
(147, '300C', 10, 1),
(148, 'Pt Cruiser', 10, 1),
(149, 'Wrangle', 10, 1),
(150, 'Crossfire', 10, 1),
(151, 'C2', 11, 1),
(152, 'C3', 11, 1),
(153, 'C3 Pluriel', 11, 1),
(154, 'C4', 11, 1),
(155, 'C4 Picasso', 11, 1),
(156, 'C5', 11, 1),
(157, 'C6', 11, 1),
(158, 'Ds3', 11, 1),
(159, 'Ds4', 11, 1),
(160, 'Xsara Picasso', 11, 1),
(161, 'Chairman', 12, 1),
(162, 'Cielo', 12, 1),
(163, 'Espero', 12, 1),
(164, 'Korando', 12, 1),
(165, 'Lanos', 12, 1),
(166, 'Leganza', 12, 1),
(167, 'Matiz', 12, 1),
(168, 'Musso', 12, 1),
(169, 'Nubria', 12, 1),
(170, 'Tacuma', 12, 1),
(171, 'Applause', 13, 1),
(172, 'Atrai', 13, 1),
(173, 'Charade', 13, 1),
(174, 'Copen', 13, 1),
(175, 'Cuore', 13, 1),
(176, 'Custom', 13, 1),
(177, 'Feroza', 13, 1),
(178, 'Gino', 13, 1),
(179, 'Hijet', 13, 1),
(180, 'Materia', 13, 1),
(181, 'Move', 13, 1),
(182, 'Move Turbo', 13, 1),
(183, 'Naked', 13, 1),
(184, 'Rocky', 13, 1),
(185, 'Sirion', 13, 1),
(186, 'Storia', 13, 1),
(187, 'Terios', 13, 1),
(188, 'Vmax', 13, 1),
(189, 'YRV ', 13, 1),
(190, 'YRV (Turbo)', 13, 1),
(191, 'Six', 14, 1),
(192, 'Daimler 4.0 (Super V8)', 14, 1),
(193, '348 GTB', 15, 1),
(194, '355 Spider', 15, 1),
(195, '360 Challenge ST', 15, 1),
(196, '360 Modena', 15, 1),
(197, '360 Spider', 15, 1),
(198, '430 Scuderia', 15, 1),
(199, '456', 15, 1),
(200, '456M', 15, 1),
(201, '458 Italia', 15, 1),
(202, '458 Spider', 15, 1),
(203, '550 Barchetta', 15, 1),
(204, '550 Maranello', 15, 1),
(205, '575M Maranello', 15, 1),
(206, '599 GTB Fiorano', 15, 1),
(207, '599 GTO', 15, 1),
(208, '612 Scaglietti', 15, 1),
(209, 'California', 15, 1),
(210, 'Enzo Ferrari', 15, 1),
(211, 'F12 Berlinetta', 15, 1),
(212, 'F355 Berlinetta', 15, 1),
(213, 'F355 GTS', 15, 1),
(214, 'F355 Spider', 15, 1),
(215, 'F430', 15, 1),
(216, 'F430 Spider', 15, 1),
(217, 'F50', 15, 1),
(218, 'FF', 15, 1),
(219, 'Laferrari', 15, 1),
(220, 'Scuderia Spider ', 15, 1),
(221, 'Superamerica', 15, 1),
(222, '500 Lounge 1.4', 16, 1),
(223, 'Abarth 695 Tributo Ferrari / 500', 16, 1),
(224, 'Brava', 16, 1),
(225, 'Coupe', 16, 1),
(226, 'Fiat 500', 16, 1),
(227, 'Punto', 16, 1),
(228, 'Ulysse', 16, 1),
(229, 'Uno', 16, 1),
(230, 'Bravo', 16, 1),
(231, 'Marea', 16, 1),
(232, 'Panda', 16, 1),
(233, 'Capri', 17, 1),
(234, 'Econovan', 17, 1),
(235, 'Escape', 17, 1),
(236, 'Escort', 17, 1),
(237, 'Explorer', 17, 1),
(238, 'Festiva', 17, 1),
(239, 'Fiesta', 17, 1),
(240, 'Fiesta ST 1.6L Ecoboost', 17, 1),
(241, 'Focus', 17, 1),
(242, 'Focus ST170 / RS', 17, 1),
(243, 'Fusion', 17, 1),
(244, 'Galaxy', 17, 1),
(245, 'Ka 1.3', 17, 1),
(246, 'Kuga', 17, 1),
(247, 'Laser', 17, 1),
(248, 'Mondeo', 17, 1),
(249, 'Scorpio / Granada', 17, 1),
(250, 'Sierra', 17, 1),
(251, 'S-Max', 17, 1),
(252, 'Taurus', 17, 1),
(253, 'Telstar', 17, 1),
(254, 'Transit', 17, 1),
(255, 'Tx3', 17, 1),
(256, 'Apollo', 18, 1),
(257, 'Accord 2.0', 19, 1),
(258, 'Accord 2.2', 19, 1),
(259, 'Accord 2.3', 19, 1),
(260, 'Accord 2.4', 19, 1),
(261, 'Accord 20E/20El', 19, 1),
(262, 'Accord 3.0', 19, 1),
(263, 'Accord Sir / Euro-R', 19, 1),
(264, 'Airwave', 19, 1),
(265, 'Avancter', 19, 1),
(266, 'Beat', 19, 1),
(267, 'Capa', 19, 1),
(268, 'City', 19, 1),
(269, 'Civic 1.3', 19, 1),
(270, 'Civic 1.4', 19, 1),
(271, 'Civic 1.5', 19, 1),
(272, 'Civic 1.6 / Sir / Type-R', 19, 1),
(273, 'Civic 1.7', 19, 1),
(274, 'Civic 1.8', 19, 1),
(275, 'Civic Esi', 19, 1),
(276, 'Civic Hybrid', 19, 1),
(277, 'Civic Type-R', 19, 1),
(278, 'Concerto', 19, 1),
(279, 'Crossroad', 19, 1),
(280, 'CR-V', 19, 1),
(281, 'CRX', 19, 1),
(282, 'CR-Z', 19, 1),
(283, 'Domani', 19, 1),
(284, 'Edix 1.7X', 19, 1),
(285, 'Elysion', 19, 1),
(286, 'Fit 1.5', 19, 1),
(287, 'Freed', 19, 1),
(288, 'Hr-V', 19, 1),
(289, 'Insight', 19, 1),
(290, 'Insipre / Saber', 19, 1),
(291, 'Integra', 19, 1),
(292, 'Jazz 1.3 / Fit 1.3', 19, 1),
(293, 'Lagreat', 19, 1),
(294, 'Legend', 19, 1),
(295, 'Lift', 19, 1),
(296, 'Mobilio', 19, 1),
(297, 'N Box', 19, 1),
(298, 'NSX', 19, 1),
(299, 'Odyssey', 19, 1),
(300, 'Orthia', 19, 1),
(301, 'Prelude', 19, 1),
(302, 'S2000', 19, 1),
(303, 'SM-X', 19, 1),
(304, 'Spike', 19, 1),
(305, 'Stepwagon', 19, 1),
(306, 'Stream', 19, 1),
(307, 'Succeed', 19, 1),
(308, 'That??S', 19, 1),
(309, 'Vigor', 19, 1),
(310, 'Beat', 19, 1),
(311, 'VX', 20, 1),
(312, 'H3', 21, 1),
(313, 'Accent', 22, 1),
(314, 'Atos', 22, 1),
(315, 'Coupe', 22, 1),
(316, 'Elantra', 22, 1),
(317, 'Excel', 22, 1),
(318, 'Getz', 22, 1),
(319, 'H1', 22, 1),
(320, 'I30', 22, 1),
(321, 'I40', 22, 1),
(322, 'Matrix', 22, 1),
(323, 'Rohens', 22, 1),
(324, 'Santa Fe', 22, 1),
(325, 'Sonata', 22, 1),
(326, 'Terracan', 22, 1),
(327, 'TG 3.3', 22, 1),
(328, 'Trajet', 22, 1),
(329, 'Tucson 2.0 / 2.7', 22, 1),
(330, 'Veloster', 22, 1),
(331, 'Xg25 / Xg30', 22, 1),
(332, 'FX37', 23, 1),
(333, 'FX50S', 23, 1),
(334, 'M25', 23, 1),
(335, 'M35H', 23, 1),
(336, 'M37S', 23, 1),
(337, 'G37', 23, 1),
(338, 'Q45', 23, 1),
(339, 'Gemini', 24, 1),
(340, 'Mu', 24, 1),
(341, 'Trooper', 24, 1),
(342, 'V-Cross', 24, 1),
(343, 'Daimler', 25, 1),
(344, 'F-Type', 25, 1),
(345, 'Sovereign', 25, 1),
(346, 'S-Type', 25, 1),
(347, 'XF 3.0', 25, 1),
(348, 'XJ 5.0', 25, 1),
(349, 'XJ Series', 25, 1),
(350, 'XJ6', 25, 1),
(351, 'XJ8', 25, 1),
(352, 'XJR', 25, 1),
(353, 'XJS', 25, 1),
(354, 'XK Series', 25, 1),
(355, 'X-Type', 25, 1),
(356, 'X-Type 4.2R', 25, 1),
(357, 'Grand Cherokee', 26, 1),
(358, 'Wrangler', 26, 1),
(359, 'Carens', 27, 1),
(360, 'Carnival', 27, 1),
(361, 'Cenrato', 27, 1),
(362, 'Morning', 27, 1),
(363, 'Optima', 27, 1),
(364, 'Picanto', 27, 1),
(365, 'Rio', 27, 1),
(366, 'Sephia', 27, 1),
(367, 'Shuma', 27, 1),
(368, 'Sorento 2.4 / 3.5', 27, 1),
(369, 'Soul', 27, 1),
(370, 'Sportage', 27, 1),
(371, 'Aventador', 28, 1),
(372, 'Diablo', 28, 1),
(373, 'Gallardo', 28, 1),
(374, 'Murcielago', 28, 1),
(375, 'Defender', 29, 1),
(376, 'Discovery', 29, 1),
(377, 'Freelander', 29, 1),
(378, 'Range Rover ', 29, 1),
(379, 'Range Rover 4.2 Super', 29, 1),
(380, 'Range Rover Evoque Coupe', 29, 1),
(381, 'CT200H', 30, 1),
(382, 'ES250', 30, 1),
(383, 'ES300', 30, 1),
(384, 'ES300H', 30, 1),
(385, 'ES350', 30, 1),
(386, 'EX350', 30, 1),
(387, 'GS250', 30, 1),
(388, 'GS300', 30, 1),
(389, 'GS350', 30, 1),
(390, 'GS450H', 30, 1),
(391, 'HS250H', 30, 1),
(392, 'IS200 ', 30, 1),
(393, 'IS250', 30, 1),
(394, 'IS250C', 30, 1),
(395, 'IS300', 30, 1),
(396, 'IS300H', 30, 1),
(397, 'IS350', 30, 1),
(398, 'IS-F', 30, 1),
(399, 'LS350', 30, 1),
(400, 'LS430 / LS400', 30, 1),
(401, 'LS460', 30, 1),
(402, 'LS600Hl', 30, 1),
(403, 'LX450', 30, 1),
(404, 'LX460', 30, 1),
(405, 'LX470', 30, 1),
(406, 'LX570', 30, 1),
(407, 'RS200', 30, 1),
(408, 'RX270', 30, 1),
(409, 'RX330 / RX300', 30, 1),
(410, 'RX350', 30, 1),
(411, 'RX400H', 30, 1),
(412, 'RX450H', 30, 1),
(413, 'SC430 / SC400', 30, 1),
(414, '2-Eleven', 31, 1),
(415, 'Elise', 31, 1),
(416, 'Esprit', 31, 1),
(417, 'Europa', 31, 1),
(418, 'Evora', 31, 1),
(419, 'Exige', 31, 1),
(420, '3200GT', 32, 1),
(421, 'Coupe', 32, 1),
(422, 'Ghibli', 32, 1),
(423, 'Grancabrio', 32, 1),
(424, 'Gransport', 32, 1),
(425, 'Granturismo', 32, 1),
(426, 'Quattroporte', 32, 1),
(427, 'Spyder', 32, 1),
(428, '57', 33, 1),
(429, '62', 33, 1),
(430, '121', 34, 1),
(431, '626', 34, 1),
(432, '929', 34, 1),
(433, '323 / Astina', 34, 1),
(434, 'Biante Granz Edition', 34, 1),
(435, 'Capella', 34, 1),
(436, 'Carol', 34, 1),
(437, 'CX5', 34, 1),
(438, 'CX7', 34, 1),
(439, 'Demio', 34, 1),
(440, 'E1800', 34, 1),
(441, 'E2000 Bongo', 34, 1),
(442, 'E2200', 34, 1),
(443, 'E2500', 34, 1),
(444, 'Eunos 30X', 34, 1),
(445, 'Eunos 500', 34, 1),
(446, 'Eunos 800', 34, 1),
(447, 'Friendee', 34, 1),
(448, 'Lantis', 34, 1),
(449, 'Mazda 2', 34, 1),
(450, 'Mazda 3', 34, 1),
(451, 'Mazda 3S', 34, 1),
(452, 'Mazda 5', 34, 1),
(453, 'Mazda 6', 34, 1),
(454, 'Mazda 8', 34, 1),
(455, 'Millenia', 34, 1),
(456, 'Mpv', 34, 1),
(457, 'MX-5 Miata', 34, 1),
(458, 'MX-6', 34, 1),
(459, 'Premacy', 34, 1),
(460, 'RX-7 / RX-8', 34, 1),
(461, 'Tribute', 34, 1),
(462, 'MP4-12C', 35, 1),
(463, '300CE', 36, 1),
(464, '300SE', 36, 1),
(465, '300Sl', 36, 1),
(466, '320TE', 36, 1),
(467, '400SE', 36, 1),
(468, '500Cl', 36, 1),
(469, '500Sl', 36, 1),
(470, '600SEL', 36, 1),
(471, 'A150', 36, 1),
(472, 'A160', 36, 1),
(473, 'A170', 36, 1),
(474, 'A180', 36, 1),
(475, 'A190', 36, 1),
(476, 'A200', 36, 1),
(477, 'A250 Sport', 36, 1),
(478, 'A45 AMG', 36, 1),
(479, 'B170', 36, 1),
(480, 'B180', 36, 1),
(481, 'B200', 36, 1),
(482, 'B250', 36, 1),
(483, 'Brabus', 36, 1),
(484, 'C180', 36, 1),
(485, 'C180 CGI', 36, 1),
(486, 'C180 Kompressor', 36, 1),
(487, 'C200', 36, 1),
(488, 'C200 CGI', 36, 1),
(489, 'C200 Kompressor', 36, 1),
(490, 'C220', 36, 1),
(491, 'C230', 36, 1),
(492, 'C230 Kompressor', 36, 1),
(493, 'C240', 36, 1),
(494, 'C250', 36, 1),
(495, 'C250 CGI', 36, 1),
(496, 'C280', 36, 1),
(497, 'C300', 36, 1),
(498, 'C32', 36, 1),
(499, 'C320', 36, 1),
(500, 'C350', 36, 1),
(501, 'C350 AMG', 36, 1),
(502, 'C350 CGI', 36, 1),
(503, 'C36', 36, 1),
(504, 'C43', 36, 1),
(505, 'C55', 36, 1),
(506, 'C63', 36, 1),
(507, 'CL500', 36, 1),
(508, 'CL500 CGI', 36, 1),
(509, 'CL55', 36, 1),
(510, 'CL600', 36, 1),
(511, 'CL63', 36, 1),
(512, 'CL65', 36, 1),
(513, 'CLA180', 36, 1),
(514, 'CLA200', 36, 1),
(515, 'CLA250', 36, 1),
(516, 'CLA250 AMG', 36, 1),
(517, 'CLA45 AMG', 36, 1),
(518, 'CLK230 Kompresso', 36, 1),
(519, 'CLK240', 36, 1),
(520, 'CLK280', 36, 1),
(521, 'CLK320', 36, 1),
(522, 'CLK350', 36, 1),
(523, 'CLK430', 36, 1),
(524, 'CLK500', 36, 1),
(525, 'CLK63', 36, 1),
(526, 'CLS55', 36, 1),
(527, 'CLS350', 36, 1),
(528, 'CLS500', 36, 1),
(529, 'CLS63', 36, 1),
(530, 'E200', 36, 1),
(531, 'E200 CGI', 36, 1),
(532, 'E200 Kompressor', 36, 1),
(533, 'E220', 36, 1),
(534, 'E230', 36, 1),
(535, 'E240', 36, 1),
(536, 'E250 CGI', 36, 1),
(537, 'E280', 36, 1),
(538, 'E300', 36, 1),
(539, 'E320', 36, 1),
(540, 'E320C', 36, 1),
(541, 'E350', 36, 1),
(542, 'E36', 36, 1),
(543, 'E430', 36, 1),
(544, 'E500', 36, 1),
(545, 'E55', 36, 1),
(546, 'E63', 36, 1),
(547, 'G300', 36, 1),
(548, 'G500', 36, 1),
(549, 'G55', 36, 1),
(550, 'G63', 36, 1),
(551, 'GL450', 36, 1),
(552, 'GL500', 36, 1),
(553, 'ML300', 36, 1),
(554, 'ML320', 36, 1),
(555, 'ML350', 36, 1),
(556, 'ML430', 36, 1),
(557, 'ML500', 36, 1),
(558, 'ML55', 36, 1),
(559, 'ML63', 36, 1),
(560, 'R280', 36, 1),
(561, 'R300', 36, 1),
(562, 'R350', 36, 1),
(563, 'R500', 36, 1),
(564, 'R63', 36, 1),
(565, 'S280', 36, 1),
(566, 'S300', 36, 1),
(567, 'S320', 36, 1),
(568, 'S350', 36, 1),
(569, 'S420', 36, 1),
(570, 'S430', 36, 1),
(571, 'S500', 36, 1),
(572, 'S500C', 36, 1),
(573, 'S55', 36, 1),
(574, 'S600', 36, 1),
(575, 'S600C', 36, 1),
(576, 'S63', 36, 1),
(577, 'S65', 36, 1),
(578, 'SEL500', 36, 1),
(579, 'SL280', 36, 1),
(580, 'SL320', 36, 1),
(581, 'SL350', 36, 1),
(582, 'SL500', 36, 1),
(583, 'SL55', 36, 1),
(584, 'SL600', 36, 1),
(585, 'SL63', 36, 1),
(586, 'SL65', 36, 1),
(587, 'SLK200', 36, 1),
(588, 'SLK200 Kompresso', 36, 1),
(589, 'SLK230', 36, 1),
(590, 'SLK230 Kompresso', 36, 1),
(591, 'SLK250', 36, 1),
(592, 'SLK280', 36, 1),
(593, 'SLK300', 36, 1),
(594, 'SLK32', 36, 1),
(595, 'SLK320', 36, 1),
(596, 'SLK350', 36, 1),
(597, 'SLK55', 36, 1),
(598, 'SLS63', 36, 1),
(599, 'V230', 36, 1),
(600, 'V280', 36, 1),
(601, 'Viano', 36, 1),
(602, 'Cooper', 37, 1),
(603, 'Coopers', 37, 1),
(604, 'Cooper Cabrio', 37, 1),
(605, 'Cooper S Cabrio', 37, 1),
(606, 'Cooper Clubman', 37, 1),
(607, 'Cooper S Clubman', 37, 1),
(608, 'One Countryman', 37, 1),
(609, 'Cooper Countryman', 37, 1),
(610, 'Cooper S Countryman', 37, 1),
(611, 'Cooper Paceman', 37, 1),
(612, 'Cooper S Paceman', 37, 1),
(613, 'Cooper Coupe', 37, 1),
(614, 'Cooper S Coupe ', 37, 1),
(615, 'Cooper Roadster', 37, 1),
(616, 'Cooper S Roadster', 37, 1),
(617, 'JCW', 37, 1),
(618, 'JCW Cabrio', 37, 1),
(619, 'JCW Countryman', 37, 1),
(620, 'JCW Coupe', 37, 1),
(621, 'JCW Paceman', 37, 1),
(622, 'JCW Roadster', 37, 1),
(623, '3000GT', 38, 1),
(624, 'Airtrek', 38, 1),
(625, 'Airtrek Turbo', 38, 1),
(626, 'ASX', 38, 1),
(627, 'Chariot', 38, 1),
(628, 'Colt', 38, 1),
(629, 'Delica / Space Gear', 38, 1),
(630, 'Diamante', 38, 1),
(631, 'Dingo', 38, 1),
(632, 'Dino', 38, 1),
(633, 'Exceed', 38, 1),
(634, 'FTO', 38, 1),
(635, 'Galant', 38, 1),
(636, 'Galant VR4 / VRM', 38, 1),
(637, 'GTO', 38, 1),
(638, 'I', 38, 1),
(639, 'I Miev', 38, 1),
(640, 'L300', 38, 1),
(641, 'Lancer', 38, 1),
(642, 'Lancer Evolution / GSR', 38, 1),
(643, 'Lancer Ralliart', 38, 1),
(644, 'Legnum', 38, 1),
(645, 'Mirage', 38, 1),
(646, 'Outlander', 38, 1),
(647, 'Pajero', 38, 1),
(648, 'RVR / Challenger', 38, 1),
(649, 'Sigma', 38, 1),
(650, 'Spacewagon / Grandis ', 38, 1),
(651, 'Starion', 38, 1),
(652, 'Super Exceed', 38, 1),
(653, 'Toppo', 38, 1),
(654, 'Galue', 39, 1),
(655, 'Galue  I', 39, 1),
(656, 'Galue  Ii', 39, 1),
(657, 'Galue Iii', 39, 1),
(658, 'Le-Seyde', 39, 1),
(659, 'Nouera', 39, 1),
(660, 'Ryoga', 39, 1),
(661, 'Viewt  DX', 39, 1),
(662, 'Zero-1', 39, 1),
(663, '200SX', 40, 1),
(664, 'March', 40, 1),
(665, '180SX', 41, 1),
(666, '200SX', 41, 1),
(667, '300ZX', 41, 1),
(668, '350Z', 41, 1),
(669, '370Z', 41, 1),
(670, 'AD', 41, 1),
(671, 'Bassara', 41, 1),
(672, 'Brougham', 41, 1),
(673, 'Bluebird', 41, 1),
(674, 'C22', 41, 1),
(675, 'Cedric', 41, 1),
(676, 'Cefiro', 41, 1),
(677, 'Cima', 41, 1),
(678, 'Cube', 41, 1),
(679, 'Cube Cubic', 41, 1),
(680, 'Dualis', 41, 1),
(681, 'Elgrand', 41, 1),
(682, 'Fairlady', 41, 1),
(683, 'Figaro', 41, 1),
(684, 'Fuga', 41, 1),
(685, 'Gloria', 41, 1),
(686, 'GT-R', 41, 1),
(687, 'Infiniti Q45', 41, 1),
(688, 'J.Ferie', 41, 1),
(689, 'Juke', 41, 1),
(690, 'Liberty', 41, 1),
(691, 'Lafesta', 41, 1),
(692, 'Largo', 41, 1),
(693, 'Leaf', 41, 1),
(694, 'March', 41, 1),
(695, 'Maxima', 41, 1),
(696, 'Micra', 41, 1),
(697, 'Murano', 41, 1),
(698, 'NSX', 41, 1),
(699, 'Note', 41, 1),
(700, 'Pathfinder', 41, 1),
(701, 'Prairie', 41, 1),
(702, 'Presage', 41, 1),
(703, 'President', 41, 1),
(704, 'Primera', 41, 1),
(705, 'Pulsar', 41, 1),
(706, 'Qashqai', 41, 1),
(707, 'Serena', 41, 1),
(708, 'Silvia', 41, 1),
(709, 'Skyline', 41, 1),
(710, 'Sunny', 41, 1),
(711, 'Teana', 41, 1),
(712, 'Terrano', 41, 1),
(713, 'Tiida', 41, 1),
(714, 'Wingroad', 41, 1),
(715, 'X-Trail', 41, 1),
(716, 'Antara', 42, 1),
(717, 'Astra', 42, 1),
(718, 'Calibra', 42, 1),
(719, 'Corsa', 42, 1),
(720, 'Meriva', 42, 1),
(721, 'Omega', 42, 1),
(722, 'Senator', 42, 1),
(723, 'Speedster Turb', 42, 1),
(724, 'Swing', 42, 1),
(725, 'Tigra', 42, 1),
(726, 'Vectra', 42, 1),
(727, 'Zafira', 42, 1),
(728, 'Zonda', 43, 1),
(729, '1007', 44, 1),
(730, '107', 44, 1),
(731, '206', 44, 1),
(732, '207', 44, 1),
(733, '208', 44, 1),
(734, '3008', 44, 1),
(735, '306', 44, 1),
(736, '307', 44, 1),
(737, '308', 44, 1),
(738, '405', 44, 1),
(739, '406', 44, 1),
(740, '407', 44, 1),
(741, '5008', 44, 1),
(742, '605', 44, 1),
(743, '607', 44, 1),
(744, '807', 44, 1),
(745, 'RCZ', 44, 1),
(746, 'Partner', 44, 1),
(747, '911', 45, 1),
(748, '968', 45, 1),
(749, 'Boxster', 45, 1),
(750, 'Carrera GT', 45, 1),
(751, 'Cayenne', 45, 1),
(752, 'Cayman', 45, 1),
(753, 'Macan', 45, 1),
(754, 'Panamera', 45, 1),
(755, 'Clio', 46, 1),
(756, 'Escape', 46, 1),
(757, 'Espace', 46, 1),
(758, 'Fluence Z.E.', 46, 1),
(759, 'Fuego', 46, 1),
(760, 'Grand Scenic', 46, 1),
(761, 'Keleos', 46, 1),
(762, 'Laguna', 46, 1),
(763, 'Megane', 46, 1),
(764, 'Modus', 46, 1),
(765, 'Safrane', 46, 1),
(766, 'Scenic', 46, 1),
(767, 'Vel Satis', 46, 1),
(768, 'Ghost', 47, 1),
(769, 'Park Ward', 47, 1),
(770, 'Phantom', 47, 1),
(771, 'Silver Dawn', 47, 1),
(772, 'Silver Seraph', 47, 1),
(773, 'Silver Spirit', 47, 1),
(774, 'Silver Spur', 47, 1),
(775, 'Wraith', 47, 1),
(776, '200', 48, 1),
(777, '216', 48, 1),
(778, '220', 48, 1),
(779, '416', 48, 1),
(780, '623', 48, 1),
(781, '75', 48, 1),
(782, 'KV6', 48, 1),
(783, 'Mgf', 48, 1),
(784, 'Mini Cooper', 48, 1),
(785, '9000', 49, 1),
(786, '900 2DR', 49, 1),
(787, '900 4DR', 49, 1),
(788, '9-3 2DR', 49, 1),
(789, '9-3 4DR', 49, 1),
(790, '9-5', 49, 1),
(791, 'Altea', 50, 1),
(792, 'Octavia', 51, 1),
(793, 'Cabrio', 52, 1),
(794, 'City-Coupe', 52, 1),
(795, 'Forfour', 52, 1),
(796, 'Fortwo', 52, 1),
(797, 'Roadster', 52, 1),
(798, 'C8', 53, 1),
(799, 'Chairman', 54, 1),
(800, 'Korando', 54, 1),
(801, 'Musso', 54, 1),
(802, 'Rexton', 54, 1),
(803, 'Bistro', 55, 1),
(804, 'Brz', 55, 1),
(805, 'Domingo', 55, 1),
(806, 'Exiga', 55, 1),
(807, 'Forester', 55, 1),
(808, 'Impreza', 55, 1),
(809, 'Lancaster', 55, 1),
(810, 'Legacy', 55, 1),
(811, 'Outback', 55, 1),
(812, 'Pleo', 55, 1),
(813, 'R1', 55, 1),
(814, 'R2', 55, 1),
(815, 'Tribeca', 55, 1),
(816, 'XV', 55, 1),
(817, 'Alto', 56, 1),
(818, 'Baleno', 56, 1),
(819, 'Cappuccino', 56, 1),
(820, 'Carry Plus', 56, 1),
(821, 'Cultus ', 56, 1),
(822, 'Esteem', 56, 1),
(823, 'Every', 56, 1),
(824, 'Every Landy', 56, 1),
(825, 'Grand Escudo', 56, 1),
(826, 'Grand Vitara', 56, 1),
(827, 'Jimny', 56, 1),
(828, 'Kei', 56, 1),
(829, 'Lapin', 56, 1),
(830, 'MR', 56, 1),
(831, 'Samurai JX', 56, 1),
(832, 'Samurai TX', 56, 1),
(833, 'Solio', 56, 1),
(834, 'Swift', 56, 1),
(835, 'Sx4', 56, 1),
(836, 'Vitara', 56, 1),
(837, 'Wagon R+', 56, 1),
(838, 'Works', 56, 1),
(839, 'X90', 56, 1),
(840, 'Xl-7', 56, 1),
(841, 'Model S', 57, 1),
(842, 'Model X', 57, 1),
(843, 'Roadster', 57, 1),
(844, '86', 58, 1),
(845, 'Allex', 58, 1),
(846, 'Allion', 58, 1),
(847, 'Alphard', 58, 1),
(849, 'Altezza', 58, 1),
(850, 'Aristo', 58, 1),
(851, 'Auris', 58, 1),
(852, 'Bb', 58, 1),
(853, 'Blade', 58, 1),
(854, 'Brevis', 58, 1),
(848, 'Alphard V', 58, 1),
(855, 'Caldina', 58, 1),
(856, 'Camry', 58, 1),
(857, 'Carina', 58, 1),
(858, 'Cavalier', 58, 1),
(859, 'Celica', 58, 1),
(860, 'Celsior', 58, 1),
(861, 'Century', 58, 1),
(862, 'Chaser', 58, 1),
(863, 'Corolla Fielder', 58, 1),
(864, 'Corolla Rumion', 58, 1),
(865, 'Corolla Runx', 58, 1),
(866, 'Corolla Sedan', 58, 1),
(867, 'Corolla Spacio', 58, 1),
(868, 'Corona', 58, 1),
(869, 'Cresta', 58, 1),
(870, 'Crown', 58, 1),
(871, 'Curren', 58, 1),
(872, 'Echo', 58, 1),
(873, 'Estima', 58, 1),
(874, 'Estima Emina', 58, 1),
(875, 'Estima Lucida', 58, 1),
(876, 'Freed', 58, 1),
(877, 'Funcargo', 58, 1),
(878, 'Gaia', 58, 1),
(879, 'Granvia', 58, 1),
(880, 'Harrier', 58, 1),
(881, 'Hiace Regius', 58, 1),
(882, 'Ipsum', 58, 1),
(883, 'IQ', 58, 1),
(884, 'Isis', 58, 1),
(885, 'IST', 58, 1),
(886, 'Kluger', 58, 1),
(887, 'Landcruiser', 58, 1),
(888, 'Landcruiser Cygn', 58, 1),
(889, 'Landcruiser Prad', 58, 1),
(890, 'Mark Ii', 58, 1),
(891, 'Markx', 58, 1),
(892, 'Markx Zio', 58, 1),
(893, 'Mr-S', 58, 1),
(894, 'Mr2', 58, 1),
(895, 'Noah', 58, 1),
(896, 'Passo', 58, 1),
(897, 'Picnic', 58, 1),
(898, 'Platz', 58, 1),
(899, 'Porte', 58, 1),
(900, 'Previa', 58, 1),
(901, 'Prius', 58, 1),
(902, 'Prius C', 58, 1),
(903, 'Prius V', 58, 1),
(904, 'Probox', 58, 1),
(905, 'Progres', 58, 1),
(906, 'Ractis', 58, 1),
(907, 'Raum', 58, 1),
(908, 'Rav4', 58, 1),
(909, 'Rush', 58, 1),
(910, 'Sai', 58, 1),
(911, 'Sienta', 58, 1),
(912, 'Simga', 58, 1),
(913, 'Soarer', 58, 1),
(914, 'Starlet', 58, 1),
(915, 'Supra', 58, 1),
(916, 'Townace', 58, 1),
(917, 'Vanguard', 58, 1),
(918, 'Vellfire', 58, 1),
(919, 'Verossa', 58, 1),
(920, 'Vitz', 58, 1),
(921, 'Voltz', 58, 1),
(922, 'Voxy', 58, 1),
(923, 'Will', 58, 1),
(924, 'Windom', 58, 1),
(925, 'Wish', 58, 1),
(926, 'Yaris', 58, 1),
(927, 'Cerbera', 59, 1),
(928, 'Chimaera', 59, 1),
(929, '1303', 60, 1),
(930, 'Amarok', 60, 1),
(931, 'Beetle', 60, 1),
(932, 'Bora', 60, 1),
(933, 'Caddy', 60, 1),
(934, 'Caravelle', 60, 1),
(935, 'CC', 60, 1),
(936, 'Eos', 60, 1),
(937, 'Golf 1.4 / TSI /GT', 60, 1),
(938, 'Golf GTI', 60, 1),
(939, 'Golf R32 / R ', 60, 1),
(940, 'Jetta 1.4', 60, 1),
(941, 'Jetta GT', 60, 1),
(942, 'Passat', 60, 1),
(943, 'Phaeton', 60, 1),
(944, 'Polo 1.4', 60, 1),
(945, 'Polo GTI', 60, 1),
(946, 'Scirocco 1.4 / 2.0', 60, 1),
(947, 'Scirocco R', 60, 1),
(948, 'Sharan', 60, 1),
(949, 'Tiguan', 60, 1),
(950, 'Touareg', 60, 1),
(951, 'Touran', 60, 1),
(952, 'Vento', 60, 1),
(953, '460', 61, 1),
(954, '850', 61, 1),
(955, '940', 61, 1),
(956, '960', 61, 1),
(957, 'C30', 61, 1),
(958, 'C70', 61, 1),
(959, 'S40', 61, 1),
(960, 'S60', 61, 1),
(961, 'S70', 61, 1),
(962, 'S80', 61, 1),
(963, 'S90', 61, 1),
(964, 'V40', 61, 1),
(965, 'V50', 61, 1),
(966, 'V60', 61, 1),
(967, 'V70', 61, 1),
(968, 'XC60', 61, 1),
(969, 'XC70', 61, 1),
(970, 'X90', 61, 1);

-- --------------------------------------------------------

--
-- 資料表結構 `motor_quote`
--

DROP TABLE IF EXISTS `motor_quote`;
CREATE TABLE IF NOT EXISTS `motor_quote` (
  `id` int(11) NOT NULL AUTO_INCREMENT,
  `name` varchar(255) NOT NULL,
  `email` varchar(64) NOT NULL,
  `contactno` varchar(16) NOT NULL,
  `hkid_1` varchar(2) NOT NULL,
  `hkid_2` varchar(8) NOT NULL,
  `hkid_3` varchar(2) NOT NULL,
  `gender` varchar(8) NOT NULL,
  `residential_district` varchar(32) NOT NULL,
  `marital_status` varchar(16) NOT NULL,
  `dob` varchar(16) NOT NULL,
  `age` int(4) NOT NULL,
  `ncd` int(2) NOT NULL,
  `drivingExp` varchar(32) NOT NULL,
  `insuranceType` varchar(32) NOT NULL,
  `yearManufacture` varchar(4) NOT NULL,
  `carMake` varchar(32) NOT NULL,
  `carModel` varchar(32) NOT NULL,
  `occupation` varchar(255) NOT NULL,
  `vehicle_registration` varchar(255) NOT NULL,
  `yearly_mileage` varchar(255) NOT NULL,
  `refno` varchar(255) NOT NULL,
  `plan_match_json` text NOT NULL,
  `create_datetime` datetime NOT NULL,
  `lang` varchar(4) NOT NULL,
  `referer` varchar(16) NOT NULL,
  `motor_accident_yrs` int(2) NOT NULL,
  `drive_offence_point` int(2) NOT NULL,
  `insuranceType_key` varchar(64) NOT NULL,
  `drivingExp_key` varchar(64) NOT NULL,
  `carMake_key` varchar(64) NOT NULL,
  `carModel_key` varchar(64) NOT NULL,
  `occupation_key` varchar(64) NOT NULL,
  `policy_start_date` varchar(16) NOT NULL,
  `policy_end_date` varchar(16) NOT NULL,
  `download` int(1) NOT NULL,
  PRIMARY KEY (`id`)
) ENGINE=InnoDB  DEFAULT CHARSET=utf8 AUTO_INCREMENT=10101129 ;

--
-- 資料表的匯出資料 `motor_quote`
--

INSERT INTO `motor_quote` (`id`, `name`, `email`, `contactno`, `hkid_1`, `hkid_2`, `hkid_3`, `gender`, `residential_district`, `marital_status`, `dob`, `age`, `ncd`, `drivingExp`, `insuranceType`, `yearManufacture`, `carMake`, `carModel`, `occupation`, `vehicle_registration`, `yearly_mileage`, `refno`, `plan_match_json`, `create_datetime`, `lang`, `referer`, `motor_accident_yrs`, `drive_offence_point`, `insuranceType_key`, `drivingExp_key`, `carMake_key`, `carModel_key`, `occupation_key`, `policy_start_date`, `policy_end_date`, `download`) VALUES
(1, 'test', '0', '31132112', '', '', '', '', '', '', '00-00-00', 0, 60, '> 2 Years', 'Third Party Only', '2012', 'Audi', 'Q5', 'Civil servants : management', '', '', '441aa54b2d823b69beefbeca9ec7a4e80238bc08', 'Array\n(\n)\n', '2014-05-26 10:49:18', 'en', '', 0, 0, '', '', '', '', '', '', '', 1),
(2, 'test', 'alex@kwiksure.com', '31132112', '', '', '', '', '', '', '00-00-0000', 0, 60, '> 2 Years', 'Third Party Only', '2010', 'Audi', 'Q5', 'Civil servants : management', '', '', 'b329af406038aafeee9646d0881f2165979910c6', 'Array\n(\n    [0] => Array\n        (\n            [id] => 1\n            [price] => 680.4\n            [price_add] => -14.4\n            [active] => 1\n            [rule_name] => G1\n            [age_from] => 28\n            [age_to] => 65\n            [NCD] => 60\n            [DrivingExp] => gt_2yr\n            [TypeofInsurance] => Third_Party_Only\n            [Yearofmanufacture] => 12\n        )\n\n)\n', '2014-05-26 10:53:21', 'en', '', 0, 0, '', '', '', '', '', '', '', 1),
(3, 'Alex', 'check@check.com', '31132112', '', '', '', '', '', '', '00-00-0000', 0, 60, '> 2 Years', 'Third Party Only', '2008', 'Audi', 'Q5', 'Civil servants : management', '', '', 'a744a1a5e526d6cff3b649fa473fe8ed16f6aa0d', 'Array', '2014-05-26 11:05:49', 'en', '', 0, 0, '', '', '', '', '', '', '', 1),
(4, 'Alex', 'check@check.com', '31132112', '', '', '', '', '', '', '00-00-0000', 32, 60, '> 2 Years', 'Third Party Only', '2008', 'Audi', 'Q5', 'Civil servants : management', '', '', 'ceeb2e588493c75b5b42ff220f80a9c151dcc14e', '[{"id":"1","price":"680.4","price_add":"-14.4","active":"1","rule_name":"G1","age_from":"28","age_to":"65","NCD":"60","DrivingExp":"gt_2yr","TypeofInsurance":"Third_Party_Only","Yearofmanufacture":"12"}]', '2014-05-26 11:08:43', 'en', '', 0, 0, '', '', '', '', '', '', '', 1),
(5, 'Alex', 'check@check.com', '31132112', '', '', '', '', '', '', '00-00-0000', 32, 60, '> 2 Years', 'Third Party Only', '2008', 'Audi', 'Q5', 'Civil servants : management', '', '', '274e2c2920e8435ba1a417d6954d5931727bceeb', '[{"id":"1","price":"680.4","price_add":"-14.4","active":"1","rule_name":"G1","age_from":"28","age_to":"65","NCD":"60","DrivingExp":"gt_2yr","TypeofInsurance":"Third_Party_Only","Yearofmanufacture":"12"}]', '2014-05-26 11:14:37', 'en', 'kwiksure', 0, 0, '', '', '', '', '', '', '', 1),
(6, 'test', 'check@check.com', '31132112', '', '', '', '', '', '', '00-00-0000', 40, 60, '> 2 Years', 'Third Party Only', '2011', 'Other', 'd322', 'Civil servants : management', '', '', 'bfb7e2f209c96e65d306d3af5b319e13862b1a88', '[]', '2014-05-26 11:50:45', 'en', 'kwiksure', 0, 0, '', '', '', '', '', '', '', 1),
(7, '', '', '', '', '', '', '', '', '', '', 0, 0, '', '', '', '', '', '', '', '', '', '', '0000-00-00 00:00:00', '', '', 1, 0, '', '', '', '', '', '', '', 1),
(8, 'a', 'check@check.com', '31132112', '', '', '', '', '', '', '00-00-0000', 30, 60, '> 2 Years', 'Third Party Only', '2011', 'Other', 'sdsad', 'Civil servants : management', '', '', '9e4295b85847f7e81bc84a9f4f74be9ecdf3c601', '[]', '2014-05-26 12:32:22', 'en', 'kwiksure', 0, 0, '', '', '', '', '', '', '', 1),
(9, 'test', 'check@check.com', '31132112', '', '', '', '', '', '', '00-00-0000', 18, 60, '> 2 Years', 'Third Party Only', '2012', 'Alfa Romeo', '159', 'Business owner/self employed', '', '', 'c51010a263479b972c21bfb5ebd0a3b22355e2a4', '[]', '2014-05-26 12:33:58', 'en', 'kwiksure', 0, 0, '', '', '', '', '', '', '', 1),
(10, 'test', 'check@check.com', '31132112', '', '', '', '', '', '', '00-00-0000', 18, 60, '> 2 Years', 'Third Party Only', '2012', 'Other', '555', 'Civil Servants : workers/skilled workers', '', '', 'f5338bb6967837c6b2049c8898aafaf01d8e6357', '[]', '2014-05-26 12:38:12', 'en', 'kwiksure', 1, 0, '', '', '', '', '', '', '', 1),
(11, 'test', 'check@check.com', '31132112', '', '', '', '', '', '', '00-00-0000', 18, 60, '> 2 Years', 'Third Party Only', '2012', 'Other', '555', 'Civil Servants : workers/skilled workers', '', '', '2bff8fd44c229bb966d6cfb79097e81d7bd34cad', '[]', '2014-05-26 12:38:15', 'en', 'kwiksure', 1, 0, '', '', '', '', '', '', '', 1),
(12, 'test', 'alex@kwiksure.com', '31132112', '', '', '', '', '', '', '00-00-0000', 19, 30, '> 2 Years', 'Comprehensive', '2012', 'Audi', 'A7', 'Business owner/self employed', '', '', 'c0ff072a79dd8a069a489d04729aa3d25b0563dc', '[]', '2014-05-26 15:16:03', 'en', 'kwiksure', 0, 0, '', '', '', '', '', '', '', 1),
(13, 'test', 'check@check.com', '31132112', '', '', '', '', '', '', '00-00-0000', 22, 40, '< 1 Year', 'Comprehensive', '2011', 'Renault', 'Escape', 'Foreign diplomats, foreign diplomatic staff, and foreign armed forces', '', '', '76ebdecd396a9738a34b2f5ca6f25bcafc29639a', '[]', '2014-05-26 15:23:15', 'en', 'kwiksure', 0, 0, '', '', '', '', '', '', '', 1),
(14, '中文', 'alex@kwiksure.com', '31132112', '', '', '', '', '', '', '00-00-0000', 22, 20, '> 2 Years', 'Third Party Only', '2013', 'Audi', 'A3', 'Civil servants : management', '', '', '056269dc6f6ee9aa4da03b2d2f030e5efefa09e7', '[]', '2014-05-26 15:39:12', 'en', 'kwiksure', 1, 0, '', '', '', '', '', '', '', 1),
(15, '姓名', 'alexn@alex.com', '299999999', '', '', '', '', '', '', '00-00-0000', 27, 60, '> 2 Years', 'Comprehensive', '2008', 'Renault', 'Keleos', 'Civil servants : executive &amp; admin', '', '', '5458be95510ba3a8c67353435ea109855ec8d93d', '[]', '2014-05-26 16:44:15', 'hk', 'kwiksure', 1, 0, '', '', '', '', '', '', '', 1),
(16, '名姓', 'alexn@alex.ale', '31132112', '', '', '', '', '', '', '00-00-0000', 35, 60, '1-2 Year', 'Comprehensive', '2010', 'Audi', 'Q5', 'Civil servants : management', '', '', 'e02161407aad6081405433de80e44346ddaa8e6a', '[]', '2014-05-26 16:48:05', 'en', 'kwiksure', 0, 0, '', '', '', '', '', '', '', 1),
(17, '名名', 'alex@kwiksure.com', '31132121122', '', '', '', '', '', '', '00-00-0000', 34, 60, '> 2 Years', 'Third Party Only', '2010', 'Audi', 'Q5', 'Civil servants : executive &amp; admin', '', '', '39bd8b6b8a32409a7df25134346afc092c75d206', '[{"price":"680.4","rule_name":"G1"}]', '2014-05-27 10:34:30', 'hk', 'kwiksure', 0, 0, '', '', '', '', '', '', '', 1),
(18, 'Alex Ng', 'aa@bb.com', '31132112', '', '', '', '', '', '', '00-00-0000', 26, 60, '> 2 Years', 'Comp. / Third Party', '2011', 'Aston Martin', 'DB9', 'Foreign diplomats, foreign diplomatic staff, and foreign armed forces', '', '', '2683f15618cca8ccb0c04751020ff94fe5710ec3', '[]', '2014-05-27 11:02:19', 'hk', 'GoogleAD', 0, 0, '', '', '', '', '', '', '', 1),
(19, 'test', 'check@check.com', '31132112', '', '', '', '', '', '', '00-00-0000', 21, 40, '1-2 Year', 'Comprehensive', '2013', 'Aston Martin', 'DBS', 'Homemaker', '', '', '74a2db7491b7b2dfb4d41009a03c2d6f24a8ea94', '[]', '2014-05-29 17:58:01', 'en', 'kwiksure', 0, 0, '', '', '', '', '', '', '', 1),
(20, 'test test', 'alex@kwiksure.com', '31132112', '', '', '', '', '', '', '00-00-0000', 33, 60, '&gt; 2 Years', 'Third Party Only', '2013', 'Audi', 'Q5', 'Not listed above', '', '', '8356aeb91e3d2176f214105d3783ac12fe661933', '[{"id":"1","rule_name":"G1","total_price":"666","details":{"row_1":{"en":"Tppd en 1","zh":"Tppd zh 1","value":"100"},"row_2":{"en":"Tppd en 22","zh":"Tppd zh 22","value":"100"},"row_3":{"en":"Tppd en 3","zh":"Tppd zh 3","value":"Yes"},"row_4":{"en":"Tppd en 4","zh":"Tppd zh 4","value":"abbbb"}}}]', '2014-06-09 14:36:24', 'en', 'kwiksure', 0, 0, '', '', '', '', '', '', '', 1),
(21, 'a', 'alex@kwiksure.com', '31132121122', '', '', '', '', '', '', '00-00-0000', 19, 10, '&gt; 2 Years', 'Third Party Only', '2011', 'Bentley', 'Mulsanne', 'Vehicle''s usage plying for Hire or Reward', '', '', '939da380c7f1debf2660b2e5e4177776f93ad27d', '[]', '2014-06-09 14:44:48', 'en', 'kwiksure', 1, 0, '', '', '', '', '', '', '', 1),
(22, 'test', 'test1@test.com', '31132112', '', '', '', '', '', '', '00-00-0000', 20, 10, '1-2 Year', 'Comprehensive', '2011', 'Audi', 'A5', 'Driver of Good Carrying Vehicle / Mini-Bus / Private Bus / Tour Bus / Taxi', '', '', '37838a92d48ae6caa1dea001a61419029b2954e7', '[]', '2014-06-09 14:46:50', 'en', 'kwiksure', 1, 1, '', '', '', '', '', '', '', 1),
(23, '姓名', 'test1@test.com', '31132112', '', '', '', '', '', '', '00-00-0000', 19, 20, '1-2 Year', 'Third Party Only', '2009', 'Audi', 'A3', 'Vehicle''s usage plying for Hire or Reward', '', '', 'e44cf54c2162bc9708291f3add293c927348300e', '[]', '2014-06-09 16:35:08', 'hk', 'kwiksure', 0, 0, '', '', '', '', '', '', '', 1),
(10101024, 'test ken', 'alex@kwiksure.com', '31132112', '', '', '', '', '', '', '00-00-0000', 30, 60, '&gt; 2 Years', 'Third Party Only', '2012', 'Audi', 'Q5', 'Not on list', '', '', 'ce20bccf0e91383cffc0a250e43cdd4185571ec6', '[{"id":"1","rule_name":"G1","total_price":"666","details":{"row_1":{"en":"Tppd en 1","zh":"Tppd zh 1","value":"100"},"row_2":{"en":"Tppd en 22","zh":"Tppd zh 22","value":"100"},"row_3":{"en":"Tppd en 3","zh":"Tppd zh 3","value":"Yes"},"row_4":{"en":"Tppd en 4","zh":"Tppd zh 4","value":"abbbb"},"row_5":{"en":"abc","zh":"\\u5b78\\u751f","value":"No"}}}]', '2014-06-10 14:20:47', 'en', 'kwiksure', 0, 0, '', '', '', '', '', '', '', 1),
(10101025, '', 'check@check.com', '31132112', 'B', '111111', '1', 'M', 'KN', 'M', '12-12-1986', 27, 40, '&gt; 2 Years', 'Third Party Only', '2000', 'Audi', 'Q5', 'Not on list', '', 'M7', '9f5f90bfc59e5ef947f341c830077d41f61ab832', '[]', '2014-06-12 10:38:22', 'en', 'kwiksure', 0, 0, '', '', '', '', '', '', '', 1),
(10101026, '', 'check@check.com', '31132112', 'B', '111111', '1', 'M', 'NT', 'M', '09-12-1986', 27, 60, '1-2 Year', 'Third Party Only', '2010', 'Aston Martin', 'DB7', 'Not on list', '', 'M8', '0e19dba1ef5904cd1fa25465a04e87f194e1fe59', '[]', '2014-06-12 10:48:48', 'en', 'kwiksure', 0, 0, '', '', '', '', '', '', '', 1),
(10101027, '', 'check@check.com', '31132112', 'B', '111111', '1', 'Ma', 'Kowloon', 'Male', '12-12-1986', 27, 60, '&gt; 2 Years', 'Third Party Only', '2010', 'Audi', 'Q5', 'Not on list', '', '> 25,000', '2af4876654eedc83f443ea983008a450607805a4', '[]', '2014-06-12 11:05:01', 'en', 'kwiksure', 0, 0, '', '', '', '', '', '', '', 1),
(10101028, '', 'check@check.com', '31132112', 'B', '111111', '1', 'Ma', 'New_Terr', 'Male', '12-12-1986', 27, 50, '&gt; 2 Years', 'Third Party Only', '2010', 'Audi', 'A7', 'Not on list', '', '> 25,000', '2488e9df588e727c7ffbb805809dcc05e929d0b0', '[]', '2014-06-12 11:08:46', 'en', 'kwiksure', 0, 0, '', '', '', '', '', '', '', 1),
(10101029, '', 'check@check.com', '31132112', 'B', '111111', '1', 'Ma', 'Hong_Kon', 'Male', '12-12-1986', 27, 50, '&gt; 2 Years', 'Third Party Only', '2000', 'Rolls Royce', 'Silver Dawn', 'Not on list', '', '10,000 - 15,000', '025676bb1d431d54c0c6ee85affedefbc76a6050', '[]', '2014-06-12 11:14:00', 'en', 'kwiksure', 0, 0, '', '', '', '', '', '', '', 1),
(10101030, '', 'check@check.com', '31132112', 'B', '111111', '1', 'Ma', 'Hong_Kon', 'Male', '12-12-1986', 27, 50, '&gt; 2 Years', 'Third Party Only', '2000', 'Rolls Royce', 'Silver Dawn', 'Not on list', '', '10,000 - 15,000', 'c2fea7f1b00576dccc53616823d5bbbc72e65e01', '[]', '2014-06-12 11:15:23', 'en', 'kwiksure', 0, 0, '', '', '', '', '', '', '', 1),
(10101031, '', 'check@check.com', '31132112', 'B', '111111', '1', 'Ma', 'Hong_Kon', 'Male', '12-12-1986', 27, 50, '&gt; 2 Years', 'Third Party Only', '2000', 'Rolls Royce', 'Silver Dawn', 'Not on list', '', '10,000 - 15,000', '4c7fe4c87ced706d5d5109098d276ad2b3370ee4', '[]', '2014-06-12 11:16:45', 'en', 'kwiksure', 0, 0, '', '', '', '', '', '', '', 1),
(10101032, '', 'check@check.com', '31132112', 'B', '111111', '1', 'Ma', 'Hong_Kon', 'Male', '12-12-1986', 27, 50, '&gt; 2 Years', 'Third Party Only', '2000', 'Rolls Royce', 'Silver Dawn', 'Not on list', '', '10,000 - 15,000', '0c580b83a34e38e9d2cfe6f4d06de8db8e157f35', '[]', '2014-06-12 11:18:52', 'en', 'kwiksure', 0, 0, '', '', '', '', '', '', '', 1),
(10101033, '', 'check@check.com', '31132112', 'B', '111111', '1', 'Ma', 'Hong_Kon', 'Male', '12-12-1986', 27, 50, '&gt; 2 Years', 'Third Party Only', '2000', 'Rolls Royce', 'Silver Dawn', 'Not on list', '', '10,000 - 15,000', '2003cb347a5deca92a6a97dd141994677c37079b', '[]', '2014-06-12 11:19:50', 'en', 'kwiksure', 0, 0, '', '', '', '', '', '', '', 1),
(10101034, '', 'check@check.com', '31132112', 'B', '111111', '1', 'Ma', 'Hong_Kon', 'Male', '12-12-1986', 27, 50, '&gt; 2 Years', 'Third Party Only', '2000', 'Rolls Royce', 'Silver Dawn', 'Not on list', '', '10,000 - 15,000', 'aaeda93cfa50f0dbfcb01a6a9c42270e9460db04', '[]', '2014-06-12 11:20:58', 'en', 'kwiksure', 0, 0, '', '', '', '', '', '', '', 1),
(10101035, '', 'check@check.com', '31132112', 'B', '111111', '1', 'Ma', 'Hong_Kon', 'Male', '12-12-1980', 33, 60, '&lt; 1 Year', 'Third Party Only', '2010', 'Alfa Romeo', '166', 'Entertainment / Public Media / Advertising / Horse Training / Horse Racing', '', '17,500 - 22,500', 'cad5842b3f0a2a15247e9523cb289b197ea6998f', '[]', '2014-06-12 11:24:13', 'en', 'kwiksure', 0, 0, '', '', '', '', '', '', '', 1),
(10101036, '', 'check@check.com', '31132112', 'B', '111111', '1', 'Ma', 'Hong_Kon', 'Male', '12-12-1986', 27, 40, '1-2 Year', 'Comp. / Third Party', '2010', 'Aston Martin', 'DB7', 'Not on list', '', '> 25,000', '44ea93304be21069de5a687847eccda5ed49255b', '[]', '2014-06-12 11:33:14', 'en', 'kwiksure', 0, 0, '', '', '', '', '', '', '', 1),
(10101037, '', 'check@check.com', '31132112', 'B', '111111', '1', 'Ma', 'Hong_Kon', 'Male', '12-12-1986', 27, 40, '1-2 Year', 'Comp. / Third Party', '2010', 'Aston Martin', 'DB7', 'Not on list', '', '> 25,000', '4b834e5c3eb3fdf01f78645faa1fae63bff76251', '[]', '2014-06-12 11:35:27', 'en', 'kwiksure', 0, 0, '', '', '', '', '', '', '', 1),
(10101038, '', 'check@check.com', '31132112', 'B', '111111', '1', 'Ma', 'Hong_Kon', 'Male', '12-12-1986', 27, 40, '1-2 Year', 'Comp. / Third Party', '2010', 'Aston Martin', 'DB7', 'Not on list', '', '> 25,000', '85a9242b98a688cf4d439bc26653423fcc6c458f', '[]', '2014-06-12 11:39:37', 'en', 'kwiksure', 0, 0, '', '', '', '', '', '', '', 1),
(10101039, '', 'alex@alex.com', '31132112', 'b', '111111', '1', 'Male', 'Hong_Kong', 'Male', '10-10-1983', 30, 60, '&lt; 1 Year', 'Third Party Only', '2010', 'Audi', '41', 'Not on list', '12354', '15,000 - 20,000', '035c80d20ca40162273469adf1d2de9d87e1e609', '[]', '2014-06-12 15:54:24', 'en', 'kwiksure', 0, 0, 'Third_Party_Only', 'lt_1yr', '4', '41', '17', '', '', 1),
(10101040, '', 'a@a.com', '31132112', 'b', '111111', '1', 'Male', 'Hong_Kong', 'Male', '10-10-1983', 30, 60, '&lt; 1 Year', 'Third Party Only', '2010', 'Audi', '41', 'Not on list', '12354', '15,000 - 20,000', 'fd1a871d1b26080bd709540ef9426be9183453e1', '[]', '2014-06-12 15:57:47', 'en', 'kwiksure', 0, 0, 'Third_Party_Only', 'lt_1yr', '4', '41', '17', '', '', 1),
(10101041, '', 'a@a.com', '31132112', 'b', '111111', '1', 'Male', 'Hong_Kong', 'Male', '10-10-1983', 30, 60, '&lt; 1 Year', 'Third Party Only', '2010', 'Audi', '41', 'Not on list', '12354', '15,000 - 20,000', 'e5b2115a9d11c3b618837d3eba1a8207aad4b8b1', '[]', '2014-06-12 15:59:04', 'en', 'kwiksure', 0, 0, 'Third_Party_Only', 'lt_1yr', '4', '41', '17', '', '', 1),
(10101042, '', 'sfd@fdsf.com', '31132112', 'b', '111111', '1', 'Male', 'Kowloon', 'Male', '07-06-1914', 100, 20, '&lt; 1 Year', 'Comprehensive', '123', 'Bugatti', 'Veyron', 'Driver of good Carrying Vehicle / Mini-bus / Private Bus / Tour Bus / Taxi', '23', '12,500 - 17,500', '08eb4eb2fca3573977c19b77a3958eaff79e2e2e', '[]', '2014-06-12 16:20:49', 'en', 'kwiksure', 1, 1, 'Comprehensive', 'lt_1yr', '7', '144', '12', '', '', 1),
(10101043, '', 'check@check.com', '31132112', 'B', '111111', '1', 'Male', 'New_Territories', 'Male', '12-12-1986', 27, 50, '&gt; 2 Years', 'Third Party Only', '2010', 'Other', '7 SUV', 'Not on list', 'REGMARK', '20,000 - 25,000', 'b1d4e6f55a9964ef46b8ee1a0eee695eeca14c14', '[]', '2014-06-13 11:37:15', 'en', 'kwiksure', 0, 0, 'Third_Party_Only', 'gt_2yr', '9999', '7 SUV', '17', '', '', 1),
(10101044, '', 'check@check.com', '31132112', 'B', '111111', '1', 'Male', 'Hong_Kong', 'Single', '12-12-1986', 27, 0, '1-2 Year', 'Comprehensive', '2013', 'Honda', 'Edix', 'Student ', 'REGMARK', '> 25,000', 'c7389142057bd22c3c6c0228f862889485c721dc', '[]', '2014-06-13 14:28:55', 'en', 'kwiksure', 0, 0, 'Comprehensive', '1to2', '19', '249', '14', '', '', 1),
(10101045, '', 'check@check.com', '31132112', 'B', '111111', '1', 'Male', 'Hong_Kong', 'Single', '12-12-1986', 27, 0, '1-2 Year', 'Comprehensive', '2013', 'Honda', 'UDHONDA', 'Student ', 'REGMARK', '> 25,000', 'be66436e498b8cf1bf8c9eca2b29824157f9a3ce', '[]', '2014-06-13 15:33:14', 'en', 'kwiksure', 0, 0, 'Comprehensive', '1to2', '19', 'UDHONDA', '14', '', '', 1),
(10101046, '', 'check@check.com', '31131331', 'A', '123456', '3', 'Male', 'Hong_Kong', 'Single', '13-06-1986', 28, 50, '1-2 Year', 'Comprehensive', '2013', 'Honda', 'Crossroad', 'Student ', 'REGMARK', '> 25,000', '89bfbc6958c2e9ef999a02f9f53cea3ce8db29ea', '[]', '2014-06-13 15:37:30', 'en', 'kwiksure', 0, 0, 'Comprehensive', '1to2', '19', '248', '14', '', '', 1),
(10101047, 'test', 'test1@test.com', '31132112', '', '', '', '', '', '', '00-00-0000', 31, 60, '&gt; 2 Years', 'Third Party Only', '2010', 'Audi', 'Q5', 'Not on list', '', '', '754eff9981da9f9b9c56aa7a1f7d9f51322984fa', '[{"id":"1","rule_name":"G1","total_price":"666","details":{"5":"$5000","6":"10000"}}]', '2014-06-16 09:13:03', 'en', 'kwiksure', 0, 0, 'Third_Party_Only', 'gt_2yr', '4', '41', '17', '', '', 1),
(10101048, '', 'a@a.com', '31132112', 'b', '111111', '1', 'Male', 'Hong_Kong', 'Single', '20-06-1983', 30, 10, '&gt; 2 Years', 'Third Party Only', '1999', 'Aston Martin', 'One-77', 'Housewife where her husband fall into Occupation listed', 'dddd', '15,000 - 20,000', '90e9a2ae0f1485c451e61bb5ebe71c17aae94529', '[]', '2014-06-16 11:49:40', 'en', 'kwiksure', 1, 1, 'Third_Party_Only', 'gt_2yr', '3', '24', '13', '', '', 1),
(10101049, '', 'b@b.com', '31132112', 'b', '111111', '1', 'Male', 'Kowloon', 'Single', '20-06-1983', 30, 10, '&lt; 1 Year', 'Comprehensive', '1111', 'Alfa Romeo', '159', 'Motor Repair / Trade / Sales', '2', '7,500 - 12,500', '80e71ff0405f7c378ca134e4d3404c7476944124', '[]', '2014-06-16 11:55:39', 'en', 'kwiksure', 0, 0, 'Comprehensive', 'lt_1yr', '2', '12', '11', '', '', 1),
(10101050, '', 'check@check.com', '31132112', 'B', '111111', '1', 'Male', 'Hong_Kong', 'Married', '12-12-1980', 33, 60, '&gt; 2 Years', 'Third Party Only', '2010', 'Audi', 'Q5', 'Not on list', 'REGMARK', '20,000 - 25,000', 'f2343603e06ebb74b98720ecbbbb4252a9cc6b57', '[{"id":"1","rule_name":"G1","total_price":"666","details":{"5":"$5000","6":"10000"}}]', '2014-06-16 16:10:30', '', 'kwiksure', 0, 0, 'Third_Party_Only', 'gt_2yr', '4', '41', '17', '', '', 1),
(10101051, '', 'check@check.com', '31132112', 'B', '111111', '1', 'Male', 'Hong_Kong', 'Married', '12-12-1980', 33, 60, '&gt; 2 Years', 'Third Party Only', '2010', 'Audi', 'Q5', 'Not on list', 'REGMARK', '20,000 - 25,000', '81847e1a43f9b3cbb4bec40a484eef35cfcd553e', '[{"id":"1","rule_name":"G1","total_price":"666","details":{"5":"$5000","6":"10000"}}]', '2014-06-16 16:12:25', '', 'kwiksure', 0, 0, 'Third_Party_Only', 'gt_2yr', '4', '41', '17', '', '', 1),
(10101052, '', 'check@check.com', '31132112', 'B', '111111', '1', 'Male', 'Hong_Kong', 'Single', '12-12-1986', 27, 0, '1-2 Year', 'Third Party Only', '2010', 'Alfa Romeo', 'GTV', 'Entertainment / Public Media / Advertising / Horse Training / Horse Racing', 'REGMARK', '7,500 - 12,500', '43eb788fb9797c17ab190bf34948abf171e01c5e', '[]', '2014-06-16 18:10:06', '', 'kwiksure', 0, 0, 'Third_Party_Only', '1to2', '2', '17', '10', '', '', 1),
(10101053, '', 'check@check.com', '31132112', 'B', '111111', '1', 'Male', 'Hong_Kong', 'Single', '12-12-1986', 27, 0, '1-2 Year', 'Third Party Only', '2010', 'Alfa Romeo', 'GTV', 'Entertainment / Public Media / Advertising / Horse Training / Horse Racing', 'REGMARK', '7,500 - 12,500', '9818422cb8348bd041daef65156728356ab73b0f', '[]', '2014-06-16 18:11:39', '', 'kwiksure', 0, 0, 'Third_Party_Only', '1to2', '2', '17', '10', '', '', 1),
(10101054, '', 'check@check.com', '31132112', 'B', '111111', '1', 'Male', 'Hong_Kong', 'Single', '12-12-1986', 27, 0, '1-2 Year', 'Third Party Only', '2010', 'Alfa Romeo', 'GTV', 'Entertainment / Public Media / Advertising / Horse Training / Horse Racing', 'REGMARK', '7,500 - 12,500', '34b768e064b445654cb9d56105344205c4d11517', '[]', '2014-06-16 18:13:54', '', 'kwiksure', 0, 0, 'Third_Party_Only', '1to2', '2', '17', '10', '', '', 1),
(10101055, '', 'check@check.com', '31132112', 'B', '111111', '1', 'Male', 'Kowloon', 'Single', '13-06-1979', 35, 60, '&gt; 2 Years', 'Third Party Only', '2010', 'Audi', 'Q5', 'Not on list', '', '20,000 - 25,000', '4b877c6438e5fc9426aaf82373d766eacde99b7d', '[{"id":"1","rule_name":"G1","total_price":"666","details":{"5":"$5000","6":"10000"}}]', '2014-06-17 11:03:34', '', 'kwiksure', 0, 0, 'Third_Party_Only', 'gt_2yr', '4', '41', '17', '', '', 1),
(10101056, '', 'check@check.com', '31132112', 'B', '111111', '1', 'Male', 'Hong_Kong', 'Single', '09-12-1986', 27, 50, '1-2 Year', 'Third Party Only', '2010', 'Alfa Romeo', 'Giulietta', 'Not on list', 'REGMARK', '> 25,000', '29fa22432f2256b3a5bf12677090ac8877ec37a7', '[]', '2014-06-17 11:06:11', '', 'kwiksure', 0, 0, 'Third_Party_Only', '1to2', '2', '15', '17', '', '', 1),
(10101057, '', 'check@check.com', '31132112', 'B', '111111', '1', 'Male', 'Hong_Kong', 'Single', '10-06-1986', 28, 30, '1-2 Year', 'Third Party Only', '2000', 'Aston Martin', 'abgfdsb', 'Motor Repair / Trade / Sales', 'REGMARK', '20,000 - 25,000', '7c67ff4473a273c204718f960edeebdd362b910f', '[]', '2014-06-17 11:22:16', '', 'kwiksure', 0, 0, 'Third_Party_Only', '1to2', '3', 'abgfdsb', '11', '', '', 1),
(10101058, '', 'check@check.com', '31132112', 'B', '111111', '1', 'Male', 'Hong_Kong', 'Single', '10-06-1986', 28, 30, '1-2 Year', 'Third Party Only', '2000', 'Aston Martin', 'abgfdsb', 'Motor Repair / Trade / Sales', 'REGMARK', '20,000 - 25,000', '6859b1a643bd2a11f7ab371b6354e2a18341b732', '[]', '2014-06-17 11:23:03', '', 'kwiksure', 0, 0, 'Third_Party_Only', '1to2', '3', 'abgfdsb', '11', '', '', 1),
(10101059, '', 'check@check.com', '31132112', 'B', '111111', '1', 'Male', 'New_Territories', 'Single', '26-06-1980', 33, 60, '&gt; 2 Years', 'Third Party Only', '2010', 'Audi', 'Q5', 'Not on list', 'REGMARK', '> 25,000', 'c7688e82daa81f7205867a64ff64df4317694a1d', '[{"id":"1","rule_name":"G1","total_price":"666","details":{"5":"$5000","6":"10000"}}]', '2014-06-17 11:57:43', '', 'kwiksure', 0, 0, 'Third_Party_Only', 'gt_2yr', '4', '41', '17', '', '', 1),
(10101060, '', 'check@check.com', '31132112', 'B', '111111', '1', 'Male', 'New_Territories', 'Single', '26-06-1980', 33, 60, '&gt; 2 Years', 'Third Party Only', '2010', 'Audi', 'Q5', 'Not on list', 'REGMARK', '> 25,000', '78c853b963d54ec90281a6f6c5acd0b462c17ee1', '[{"id":"1","rule_name":"G1","total_price":"666","details":{"5":"$5000","6":"10000"}}]', '2014-06-17 11:58:25', '', 'kwiksure', 0, 0, 'Third_Party_Only', 'gt_2yr', '4', '41', '17', '', '', 1),
(10101061, '', 'a@a.com', '31132112', 'b', '111111', '1', 'Male', 'New_Territories', 'Single', '01-06-1983', 31, 10, '&gt; 2 Years', 'Comp. / Third Party', '2010', 'Audi', 'Q5', '20-06-2015', 'sfa', '20,000 - 25,000', '57c5a88425552d65a53764514fc99c3a8c0d87d6', '[]', '2014-06-17 12:04:54', '', 'kwiksure', 0, 0, 'Comprehensive_Third_Party', 'gt_2yr', '4', '41', '17', '', '', 1),
(10101062, '', 'e2@dded.cc', '31132112', 'b', '111111', '1', 'Female', 'New_Territories', 'Married', '10-10-1983', 30, 20, '&gt; 2 Years', 'Third Party Only', '2010', 'Aston Martin', 'DBS', 'Not on list', '2', '10,000 - 15,000', '4fe085863001d81a593e171450f17d42c72bd3d4', '[]', '2014-06-17 12:08:31', 'en', 'kwiksure', 1, 1, 'Third_Party_Only', 'gt_2yr', '3', '23', '17', '28-06-2014', '27-06-2015', 1),
(10101110, 'name test', 'a@a.com', '31132112', '', '', '', '', '', '', '10-10-1980', 33, 60, '&gt; 2 Years', 'Third Party Only', '2010', 'Acura', 'Inspire', 'Agricultural Products - Live Fish', '', '', '137d8b418e0bcc59334f8664a8f42ca8092c971c', '{"planName":"rule name","subPlanName":""}', '2014-09-05 16:46:12', 'en', 'kwiksure', 0, 0, 'Third_Party_Only', 'gt_2yr', '1', '1', '1', '00-00-0000', '00-00-0000', 1),
(10101111, 'name test', 'a@a.com', '31132112', '', '', '', '', '', '', '10-10-1980', 33, 60, '&gt; 2 Years', 'Third Party Only', '2010', 'Acura', 'Inspire', 'Agricultural Products - Live Fish', '', '', 'ce3d50e7bfd9c6382142cc224a2fc23951dc3622', '{"planName":"rule name","subPlanName":{"name":"t1 name2","id":"1","add_price":"1","desc":"enene"}}', '2014-09-05 16:47:32', 'en', 'kwiksure', 0, 0, 'Third_Party_Only', 'gt_2yr', '1', '1', '1', '00-00-0000', '00-00-0000', 1),
(10101112, 'name test', 'a@a.com', '31132112', '', '', '', '', '', '', '10-10-1980', 33, 60, '&gt; 2 Years', 'Third Party Only', '2010', 'Acura', 'Inspire', 'Agricultural Products - Live Fish', '', '', 'd3550da7d6c8a6e522eba8cdb2018610fe313a28', '{"planName":"rule name","subPlanName":"t1 name2"}', '2014-09-05 16:48:55', 'en', 'kwiksure', 0, 0, 'Third_Party_Only', 'gt_2yr', '1', '1', '1', '00-00-0000', '00-00-0000', 1),
(10101113, 'name test', 'a@a.com', '31132112', '', '', '', '', '', '', '10-10-1980', 33, 60, '&gt; 2 Years', 'Third Party Only', '2010', 'Acura', 'Inspire', 'Agricultural Products - Live Fish', '', '', '6a8982fe0861106c3d1ee8cae9bab0a8931fce10', '{"planName":"rule name","subPlanName":"t1 name2"}', '2014-09-05 16:51:44', 'en', 'kwiksure', 0, 0, 'Third_Party_Only', 'gt_2yr', '1', '1', '1', '00-00-0000', '00-00-0000', 1),
(10101114, 'name test', 'a@a.com', '31132112', '', '', '', '', '', '', '10-10-1980', 33, 60, '&gt; 2 Years', 'Third Party Only', '2010', 'Acura', 'Inspire', 'Agricultural Products - Live Fish', '', '', 'd518d5748e90ae5993c522b3ffe77354100f359a', '{"planName":"rule name","subPlanName":"t1 name2","totalPrice":790}', '2014-09-05 16:53:10', 'en', 'kwiksure', 0, 0, 'Third_Party_Only', 'gt_2yr', '1', '1', '1', '00-00-0000', '00-00-0000', 1),
(10101115, 'name test', 'a@a.com', '31132112', '', '', '', '', '', '', '10-10-1990', 23, 60, '&gt; 2 Years', 'Third Party Only', '2010', 'Acura', 'Inspire', 'Agricultural Products - Live Fish', '', '', '0f671a23604d5cdb084af3e9944e231ca0d6aa49', '{"planName":"rule name","totalPrice":"789","price":"666","details":null,"subPlanName":"t1 name2"}', '2014-09-11 16:28:39', 'en', 'kwiksure', 0, 0, 'Third_Party_Only', 'gt_2yr', '1', '1', '1', '00-00-0000', '00-00-0000', 1),
(10101116, 'name test', 'a@a.com', '31132112', '', '', '', '', '', '', '10-10-1990', 23, 60, '&gt; 2 Years', 'Third Party Only', '2010', 'Acura', 'Inspire', 'Agricultural Products - Live Fish', '', '', '77367082808bde62d5e6d5ad5cf4a5809c4a7727', '{"planName":"rule name","totalPrice":"789","price":"666","details":null,"subPlanName":"t1 name2"}', '2014-09-11 16:30:05', 'en', 'kwiksure', 0, 0, 'Third_Party_Only', 'gt_2yr', '1', '1', '1', '00-00-0000', '00-00-0000', 1),
(10101117, 'name test', 'a@a.com', '31132112', '', '', '', '', '', '', '10-10-1990', 23, 60, '&gt; 2 Years', 'Third Party Only', '2010', 'Acura', 'Inspire', 'Agricultural Products - Live Fish', '', '', '6d00dd1eb7ebb837b6474185b999fb161d9b7c9d', '{"planName":"rule name","totalPrice":"789","price":"666","details":{"1":{"id":"1","value":"111","deatils_id":"1","details_info":"TPPD"},"2":{"id":"2","value":"222","deatils_id":"2","details_info":"TPPD U"},"3":{"id":"3","value":"3333","deatils_id":"3","details_info":"TPPD Y"},"4":{"id":"4","value":"4444","deatils_id":"4","details_info":"TPPD I"}},"subPlanName":"t1 name2"}', '2014-09-11 16:31:30', 'en', 'kwiksure', 0, 0, 'Third_Party_Only', 'gt_2yr', '1', '1', '1', '00-00-0000', '00-00-0000', 1),
(10101118, 'name test', 'a@a.com', '31132112', '', '', '', '', '', '', '10-10-1990', 23, 60, '&gt; 2 Years', 'Third Party Only', '2010', 'Acura', 'Inspire', 'Agricultural Products - Live Fish', '', '', 'feaf4a8ce34158f927d185e978533a4beed97d70', '{"planName":"rule name","totalPrice":"789","price":"666","details":{"1":{"id":"1","value":"111","deatils_id":"1","details_info":"TPPD"},"2":{"id":"2","value":"222","deatils_id":"2","details_info":"TPPD U"},"3":{"id":"3","value":"3333","deatils_id":"3","details_info":"TPPD Y"},"4":{"id":"4","value":"4444","deatils_id":"4","details_info":"TPPD I"}}}', '2014-09-11 16:33:14', 'en', 'kwiksure', 0, 0, 'Third_Party_Only', 'gt_2yr', '1', '1', '1', '00-00-0000', '00-00-0000', 1),
(10101119, 'name test', 'a@a.com', '31132112', '', '', '', '', '', '', '10-10-1990', 23, 60, '&gt; 2 Years', 'Third Party Only', '2010', 'Acura', 'Inspire', 'Agricultural Products - Live Fish', '', '', 'e1db3ebe83675814d908cc613cdc6c26be2db397', '{"planName":"rule name","totalPrice":"789","price":"666","details":{"1":{"id":"1","value":"111","deatils_id":"1","details_info":"TPPD"},"2":{"id":"2","value":"222","deatils_id":"2","details_info":"TPPD U"},"3":{"id":"3","value":"3333","deatils_id":"3","details_info":"TPPD Y"},"4":{"id":"4","value":"4444","deatils_id":"4","details_info":"TPPD I"}}}', '2014-09-11 17:17:23', 'en', 'kwiksure', 0, 0, 'Third_Party_Only', 'gt_2yr', '1', '1', '1', '00-00-0000', '00-00-0000', 1),
(10101120, 'name test', 'a@a.com', '31132112', '', '', '', '', '', '', '10-10-1992', 21, 60, '&gt; 2 Years', 'Third Party', '2010', 'Acura', 'Inspire', 'Agricultural Products - Live Fish', '', '', '66a804cc2a5a3c691a1f6a496af55b500458e718', '{"planName":"rule name","totalPrice":"789","price":"666","details":{"1":{"id":"1","value":"111","deatils_id":"1","details_info":"TPPD"},"2":{"id":"2","value":"222","deatils_id":"2","details_info":"TPPD U"},"3":{"id":"3","value":"3333","deatils_id":"3","details_info":"TPPD Y"},"4":{"id":"4","value":"4444","deatils_id":"4","details_info":"TPPD I"}}}', '2014-09-11 17:21:11', 'en', 'kwiksure', 0, 0, 'Third_Party_Only', 'gt_2yr', '1', '1', '1', '00-00-0000', '00-00-0000', 1),
(10101121, 'name test', 'a@a.com', '31132112', '', '', '', '', '', '', '10-10-1992', 21, 60, '&gt; 2 Years', 'Comprehensive', '2010', 'Acura', 'Inspire', 'Agricultural Products - Live Fish', '', '', '7d0f5fec393c99ea9d323fd178bfb2abfc9ed100', '{"planName":"rule name","totalPrice":"789","price":"666","details":{"1":{"id":"1","value":"111","deatils_id":"1","details_info":"TPPD"},"2":{"id":"2","value":"222","deatils_id":"2","details_info":"TPPD U"},"3":{"id":"3","value":"3333","deatils_id":"3","details_info":"TPPD Y"},"4":{"id":"4","value":"4444","deatils_id":"4","details_info":"TPPD I"}}}', '2014-09-11 17:21:14', 'en', 'kwiksure', 0, 0, 'Comprehensive', 'gt_2yr', '1', '1', '1', '00-00-0000', '00-00-0000', 1),
(10101122, 'name test', 'a@a.com', '31132112', '', '', '', '', '', '', '10-10-1992', 21, 60, '&gt; 2 Years', 'Comprehensive', '2010', 'Acura', 'Inspire', 'Agricultural Products Except Live Fish', '', '', 'a1910bd38e207f69d8de428426e62f6a70de14e3', '{"planName":"rule name","totalPrice":"789","price":"666","details":{"1":{"id":"1","value":"111","deatils_id":"1","details_info":"TPPD"},"2":{"id":"2","value":"222","deatils_id":"2","details_info":"TPPD U"},"3":{"id":"3","value":"3333","deatils_id":"3","details_info":"TPPD Y"},"4":{"id":"4","value":"4444","deatils_id":"4","details_info":"TPPD I"}}}', '2014-09-11 17:21:18', 'en', 'kwiksure', 0, 0, 'Comprehensive', 'gt_2yr', '1', '1', '2', '00-00-0000', '00-00-0000', 1),
(10101123, 'name test', 'a@a.com', '31132112', '', '', '', '', '', '', '10-10-1992', 21, 60, '&gt; 2 Years', 'Third Party and Comp.', '2010', 'Acura', 'Inspire', 'Agricultural Products Except Live Fish', '', '', '941c1fc251a141769c5e0ad5ba559a05293d835a', '{"planName":"rule name","totalPrice":"789","price":"666","details":{"1":{"id":"1","value":"111","deatils_id":"1","details_info":"TPPD"},"2":{"id":"2","value":"222","deatils_id":"2","details_info":"TPPD U"},"3":{"id":"3","value":"3333","deatils_id":"3","details_info":"TPPD Y"},"4":{"id":"4","value":"4444","deatils_id":"4","details_info":"TPPD I"}}}', '2014-09-11 17:21:26', 'en', 'kwiksure', 0, 0, 'Comprehensive_Third_Party', 'gt_2yr', '1', '1', '2', '00-00-0000', '00-00-0000', 1),
(10101124, 'name test', 'a@a.com', '31132112', '', '', '', '', '', '', '10-10-1992', 21, 60, '&gt; 2 Years', 'Third Party and Comp.', '2010', 'Acura', 'Inspire', 'Agricultural Products Except Live Fish', '', '', '854a331ad48639ee69b4f43e6af23b1b88bde1e7', '[]', '2014-09-11 17:25:53', 'en', 'kwiksure', 0, 0, 'Comprehensive_Third_Party', 'gt_2yr', '1', '1', '2', '00-00-0000', '00-00-0000', 1),
(10101125, 'name test', 'a@a.com', '31132112', '', '', '', '', '', '', '10-10-1992', 21, 60, '&gt; 2 Years', 'Comprehensive', '2010', 'Maserati', 'Grancabrio', 'Agricultural Products Except Live Fish', '', '', 'b774974d46e981b97e6b4ac30f0d974f43d8c30c', '[]', '2014-09-11 17:26:15', 'en', 'kwiksure', 0, 0, 'Comprehensive', 'gt_2yr', '32', '372', '2', '00-00-0000', '00-00-0000', 1),
(10101126, 'name test', 'a@a.com', '31132112', '', '', '', '', '', '', '10-10-1992', 21, 60, '&gt; 2 Years', 'Comprehensive', '2010', 'Maserati', 'Grancabrio', 'Chambers of commerce, trade &amp; manufacturers associations', '', '', '7cbd05fc0357dfa4fa6b1fc142daa1c225430978', '[]', '2014-09-11 17:26:23', 'en', 'kwiksure', 0, 0, 'Comprehensive', 'gt_2yr', '32', '372', '12', '00-00-0000', '00-00-0000', 1),
(10101127, 'test', 'alex@kwiksure.com', '31132112', 'b', '111111', '1', 'Female', 'Hong_Kong', 'Married', '10-09-1980', 34, 60, '&gt; 2 Years', 'Third Party', '2010', 'Acura', '2.5TL', 'Agricultural Products - Live Fish', 'registration mark', '15,000 - 20,000', '60ad51c2222fc05837955c61ae748c0f272d5e64', '[]', '2014-09-15 10:56:44', 'en', 'kwiksure', 0, 0, 'Third_Party_Only', 'gt_2yr', '1', '1', '1', '20-09-2014', '19-09-2015', 1),
(10101128, 'bob', 'check@check.com', '54526356', 'M', '215287', '3', 'Male', 'Hong_Kong', 'Single', '12-06-1985', 29, 10, '&gt; 2 Years', 'Third Party', '2001', 'BMW', '316', 'Poultry &amp; Eggs', '', '0 - 10,000', '185e66dfcc4819608c5177ea995315ba4ee274cf', '[]', '2014-09-15 11:57:15', 'en', 'kwiksure', 0, 0, 'Third_Party_Only', 'gt_2yr', '6', '87', '4', '05-12-2014', '04-12-2015', 1);

-- --------------------------------------------------------

--
-- 資料表結構 `ncd`
--

DROP TABLE IF EXISTS `ncd`;
CREATE TABLE IF NOT EXISTS `ncd` (
  `id` int(11) NOT NULL AUTO_INCREMENT,
  `ncd` int(11) NOT NULL,
  PRIMARY KEY (`id`)
) ENGINE=MyISAM  DEFAULT CHARSET=utf8 AUTO_INCREMENT=8 ;

--
-- 資料表的匯出資料 `ncd`
--

INSERT INTO `ncd` (`id`, `ncd`) VALUES
(1, 10),
(2, 20),
(3, 30),
(4, 40),
(5, 50),
(6, 60),
(7, 0);

-- --------------------------------------------------------

--
-- 資料表結構 `occupation`
--

DROP TABLE IF EXISTS `occupation`;
CREATE TABLE IF NOT EXISTS `occupation` (
  `id` int(11) NOT NULL AUTO_INCREMENT,
  `zh` varchar(255) NOT NULL,
  `en` varchar(255) NOT NULL,
  `active` int(11) NOT NULL,
  PRIMARY KEY (`id`)
) ENGINE=MyISAM  DEFAULT CHARSET=utf8 AUTO_INCREMENT=185 ;

--
-- 資料表的匯出資料 `occupation`
--

INSERT INTO `occupation` (`id`, `zh`, `en`, `active`) VALUES
(1, 'zh', 'Agricultural Products - Live Fish', 1),
(2, 'zh', 'Agricultural Products Except Live Fish', 1),
(3, 'zh', 'Horse and Other Livestock', 1),
(4, 'zh', 'Poultry &amp; Eggs', 1),
(5, 'zh', 'Amusement and recreational services n.e.c.', 1),
(6, 'zh', 'Athletic institutes ', 1),
(7, 'zh', 'Athletic institutes other than gymnasium and sports associations Barber and beauty shops', 1),
(8, 'zh', 'Bath houses and massage parlours', 1),
(9, 'zh', 'Billiard centres', 1),
(10, 'zh', 'Bowling centres', 1),
(11, 'zh', 'Business, professional and Labour Associations', 1),
(12, 'zh', 'Chambers of commerce, trade &amp; manufacturers associations', 1),
(13, 'zh', 'Cinemas and movie theatres', 1),
(14, 'zh', 'Clinics', 1),
(15, 'zh', 'Dance halls, night clubs and ballrooms', 1),
(16, 'zh', 'Dentists', 1),
(17, 'zh', 'Distribution of videotapes', 1),
(18, 'zh', 'Driving Instruction Schools', 1),
(19, 'zh', 'Education services', 1),
(20, 'zh', 'Electrical repair shops', 1),
(21, 'zh', 'Electronic games centres', 1),
(22, 'zh', 'Film distribution and/or hiring of motion picture film', 1),
(23, 'zh', 'Film studios', 1),
(24, 'zh', 'Funeral services', 1),
(25, 'zh', 'Health &amp; veterinary services n.e.c.', 1),
(26, 'zh', 'Homes for the aged', 1),
(27, 'zh', 'Horse racing club', 1),
(28, 'zh', 'Hospitals', 1),
(29, 'zh', 'Laundry, dry cleaning and garment services', 1),
(30, 'zh', 'Libraries. art galleries &amp; cultural services', 1),
(31, 'zh', 'Mahjong/tin kau centres', 1),
(32, 'zh', 'Medical, dental, and X-ray laboratories', 1),
(33, 'zh', 'Medical, dental, other health and veterinary services', 1),
(34, 'zh', 'Motion pictures and other entertainment services', 1),
(35, 'zh', 'Motion pictures companies', 1),
(36, 'zh', 'Motion pictures film processing', 1),
(37, 'zh', 'Museums', 1),
(38, 'zh', 'Nurseries &amp; child care centre', 1),
(39, 'zh', 'Photo-printing and photo-finishing services', 1),
(40, 'zh', 'Photographic studios, including commercial photography', 1),
(41, 'zh', 'Private medical practitioners', 1),
(42, 'zh', 'Public administration', 1),
(43, 'zh', 'Radio stations and studios', 1),
(44, 'zh', 'Religious Organisations', 1),
(45, 'zh', 'Repair of footwear and leather goods', 1),
(46, 'zh', 'Repair services - Non Motor Vehicle', 1),
(47, 'zh', 'Sanitary and similar services', 1),
(48, 'zh', 'Servicing and repairing of motor vehicles and motor-cycles', 1),
(49, 'zh', 'Television stations and studios', 1),
(50, 'zh', 'Theatrical production and entertainment services', 1),
(51, 'zh', 'Trade unions &amp; labour organisations', 1),
(52, 'zh', 'Watch, clock and jewelry repair', 1),
(53, 'zh', 'Welfare funds, foundations &amp; development projects', 1),
(54, 'zh', 'Welfare institutions', 1),
(55, 'zh', 'Welfare instruments n.e.c.', 1),
(56, 'zh', 'Youth &amp; social centre', 1),
(57, 'zh', 'Air-conditioning &amp; ventilation system installation &amp; maintenance', 1),
(58, 'zh', 'Burglar alarm &amp; intercommunication system installation &amp; maintenance', 1),
(59, 'zh', 'Crane operation', 1),
(60, 'zh', 'Electrical &amp; mechanical equipment installation &amp; maintenance n.e.c.', 1),
(61, 'zh', 'Fire alarm &amp; fire fighting equipment  installation &amp; maintenance', 1),
(62, 'zh', 'Glass glazing &amp; window installation', 1),
(63, 'zh', 'Interior fitting, decoration &amp; exterior renovation &amp; repairs', 1),
(64, 'zh', 'Lift &amp; escalator installation &amp; maintenance', 1),
(65, 'zh', 'Roofing &amp; water proofing', 1),
(66, 'zh', 'Scaffolding', 1),
(67, 'zh', 'Electric light &amp; power', 1),
(68, 'zh', 'Gas manufacture &amp; distribution', 1),
(69, 'zh', 'Accounting, auditing, and bookkeeping services', 1),
(70, 'zh', 'Advertising and related services', 1),
(71, 'zh', 'Architectural, surveying and project engineering services related to construction &amp; real estate activities', 1),
(72, 'zh', 'Banks', 1),
(73, 'zh', 'Engineering and technical services, not related to construction &amp; real estate activities', 1),
(74, 'zh', 'Financing (except pawnbrokers)', 1),
(75, 'zh', 'Information technology related services', 1),
(76, 'zh', 'Insurance Company', 1),
(77, 'zh', 'Insurance agents, brokers &amp; insurance services', 1),
(78, 'zh', 'Investment &amp; holding companies', 1),
(79, 'zh', 'Legal services', 1),
(80, 'zh', 'Pawnshops', 1),
(81, 'zh', 'Real estate brokerage and agency', 1),
(82, 'zh', 'Real estate development or leasing', 1),
(83, 'zh', 'Real estate maintenance management', 1),
(84, 'zh', 'Rental of Machinery and Equipment (Except Motor Vehicle)', 1),
(85, 'zh', 'Stock, commodity and bullion brokers, exchange and services', 1),
(86, 'zh', 'Aircraft', 1),
(87, 'zh', 'Bakery products', 1),
(88, 'zh', 'Beverage Industries Except Soft drinks &amp; carbonated waters', 1),
(89, 'zh', 'Candles', 1),
(90, 'zh', 'Carpets', 1),
(91, 'zh', 'Cement, lime and plaster', 1),
(92, 'zh', 'Chemicals and Chemical Products', 1),
(93, 'zh', 'Cleaning / Perfumes Cosmetics Products', 1),
(94, 'zh', 'Dairy products', 1),
(95, 'zh', 'Drug and Medicines', 1),
(96, 'zh', 'Dyeing', 1),
(97, 'zh', 'Electrical products and accessories n.e.c.', 1),
(98, 'zh', 'Electronic products n.e.c.', 1),
(99, 'zh', 'Fabricated metal products except machinery and equipment n.e.c.', 1),
(100, 'zh', 'Food products Except Dairy, Bakery and Farinaceous', 1),
(101, 'zh', 'Footwear', 1),
(102, 'zh', 'Fur', 1),
(103, 'zh', 'Furniture', 1),
(104, 'zh', 'Garment and its accessories', 1),
(105, 'zh', 'Glass &amp; Glass Products excluding Optical Lenses', 1),
(106, 'zh', 'Handbags', 1),
(107, 'zh', 'Iron, steel and metal basic industries', 1),
(108, 'zh', 'Jewelry and related articles', 1),
(109, 'zh', 'Leather', 1),
(110, 'zh', 'Motor Vehicle breaking', 1),
(111, 'zh', 'Motor Vehicles', 1),
(112, 'zh', 'Musical instruments', 1),
(113, 'zh', 'Newspaper Printing', 1),
(114, 'zh', 'Office, Accounting and Computing machinery', 1),
(115, 'zh', 'Paints ', 1),
(116, 'zh', 'Paper and Paper Products', 1),
(117, 'zh', 'Petroleum and Coal ', 1),
(118, 'zh', 'Photographic &amp; optical goods', 1),
(119, 'zh', 'Plastic', 1),
(120, 'zh', 'Pottery, china &amp; earthenware', 1),
(121, 'zh', 'Printing and Publishing', 1),
(122, 'zh', 'Radio, Television &amp; Communication Equipment and Apparatus', 1),
(123, 'zh', 'Railroad equipment', 1),
(124, 'zh', 'Rubber Products / Tyre / Rubber Tube', 1),
(125, 'zh', 'Ship-breaking', 1),
(126, 'zh', 'Shipyards', 1),
(127, 'zh', 'Soft drinks &amp; carbonated waters industries', 1),
(128, 'zh', 'Sporting and athletic goods', 1),
(129, 'zh', 'Structural metal products', 1),
(130, 'zh', 'Textiles / Weaving / Knitting / Spinning', 1),
(131, 'zh', 'Tobacco Manufactures', 1),
(132, 'zh', 'Toys', 1),
(133, 'zh', 'Umbrellas', 1),
(134, 'zh', 'Vermicelli, noodles and similar farinaceous products', 1),
(135, 'zh', 'Watches and clocks, mechanical', 1),
(136, 'zh', 'Wigs and hair products', 1),
(137, 'zh', 'Wood Products except Furniture', 1),
(138, 'zh', 'Mining and Quarrying', 1),
(139, 'zh', 'Company Driver', 1),
(140, 'zh', 'Foreign diplomats', 1),
(141, 'zh', 'Housewife', 1),
(142, 'zh', 'Non Discipline Party', 1),
(143, 'zh', 'Police and other Discipline Party', 1),
(144, 'zh', 'Retired', 1),
(145, 'zh', 'Student', 1),
(146, 'zh', 'Unemployed', 1),
(147, 'zh', 'Chinese restaurants', 1),
(148, 'zh', 'Fast Food Shops, Eating and Drinking Places n.e.c', 1),
(149, 'zh', 'Hotels and Boarding Houses', 1),
(150, 'zh', 'Restaurants &amp; Bars', 1),
(151, 'zh', 'Air cargo  Sea cargo forwarding services', 1),
(152, 'zh', 'Airline companies', 1),
(153, 'zh', 'Armed Security', 1),
(154, 'zh', 'Car parks', 1),
(155, 'zh', 'Car Rental - Self Drive Hire', 1),
(156, 'zh', 'Cold storage', 1),
(157, 'zh', 'Container terminals, haulage of containers &amp; container leasing', 1),
(158, 'zh', 'Dangerous goods carrier', 1),
(159, 'zh', 'Express Couriers services', 1),
(160, 'zh', 'General cargo warehouses and other storage services', 1),
(161, 'zh', 'Harbour ferries', 1),
(162, 'zh', 'Inland Water Transport', 1),
(163, 'zh', 'Land freight transport by goods vehicles ', 1),
(164, 'zh', 'Land passenger Transport ', 1),
(165, 'zh', 'Minor ferries', 1),
(166, 'zh', 'Motor buses', 1),
(167, 'zh', 'Public light buses', 1),
(168, 'zh', 'Radio paging services', 1),
(169, 'zh', 'Rental of passenger vehicles with drivers', 1),
(170, 'zh', 'School hired car services', 1),
(171, 'zh', 'Ship agents and managers', 1),
(172, 'zh', 'Taxis', 1),
(173, 'zh', 'Telecommunication', 1),
(174, 'zh', 'Telephone and telegraphs services', 1),
(175, 'zh', 'Tramways and railways', 1),
(176, 'zh', 'Travel agents and airline ticket agents', 1),
(177, 'zh', 'Alcoholic drinks &amp; tobacco', 1),
(178, 'zh', 'Clothing, footwear &amp; allied products', 1),
(179, 'zh', 'Consumer &amp; Other Durable Goods', 1),
(180, 'zh', 'Foodstuffs', 1),
(181, 'zh', 'Fuel', 1),
(182, 'zh', 'Machinery, equipment &amp; parts', 1),
(183, 'zh', 'Motor vehicles, motor-cycles &amp; bicycles incl accessories &amp; parts', 1),
(184, 'zh', 'Transport equipment', 1);

-- --------------------------------------------------------

--
-- 資料表結構 `rule`
--

DROP TABLE IF EXISTS `rule`;
CREATE TABLE IF NOT EXISTS `rule` (
  `id` int(11) NOT NULL AUTO_INCREMENT,
  `price` varchar(16) NOT NULL,
  `price_add` varchar(16) NOT NULL,
  `active` int(11) NOT NULL,
  `rule_name` varchar(64) NOT NULL,
  `age_from` int(2) NOT NULL,
  `age_to` int(2) NOT NULL,
  `NCD` int(2) NOT NULL,
  `DrivingExp` varchar(64) NOT NULL,
  `TypeofInsurance` varchar(255) NOT NULL,
  `Yearofmanufacture` int(2) NOT NULL,
  `motor_accident_yrs` int(2) NOT NULL,
  `drive_offence_point` int(2) NOT NULL,
  PRIMARY KEY (`id`)
) ENGINE=MyISAM  DEFAULT CHARSET=utf8 AUTO_INCREMENT=2 ;

--
-- 資料表的匯出資料 `rule`
--

INSERT INTO `rule` (`id`, `price`, `price_add`, `active`, `rule_name`, `age_from`, `age_to`, `NCD`, `DrivingExp`, `TypeofInsurance`, `Yearofmanufacture`, `motor_accident_yrs`, `drive_offence_point`) VALUES
(1, '699', '78', 1, 'TPO Quote A', 25, 99, 60, 'gt_2yr', 'Third_Party_Only', 77, 0, 0);

-- --------------------------------------------------------

--
-- 資料表結構 `rule-details-info`
--

DROP TABLE IF EXISTS `rule-details-info`;
CREATE TABLE IF NOT EXISTS `rule-details-info` (
  `id` int(11) NOT NULL AUTO_INCREMENT,
  `details_info` varchar(32) NOT NULL,
  `rule` int(11) NOT NULL,
  `value` varchar(255) NOT NULL,
  PRIMARY KEY (`id`),
  KEY `rule` (`rule`)
) ENGINE=MyISAM  DEFAULT CHARSET=utf8 AUTO_INCREMENT=5 ;

--
-- 資料表的匯出資料 `rule-details-info`
--

INSERT INTO `rule-details-info` (`id`, `details_info`, `rule`, `value`) VALUES
(1, '1', 1, '5000'),
(2, '2', 1, '5000'),
(3, '3', 1, '10000'),
(4, '4', 1, '10000');

-- --------------------------------------------------------

--
-- 資料表結構 `rule-model`
--

DROP TABLE IF EXISTS `rule-model`;
CREATE TABLE IF NOT EXISTS `rule-model` (
  `id` int(11) NOT NULL AUTO_INCREMENT,
  `model` varchar(32) NOT NULL,
  `rule` int(11) NOT NULL,
  PRIMARY KEY (`id`),
  KEY `model` (`model`),
  KEY `rule` (`rule`)
) ENGINE=MyISAM  DEFAULT CHARSET=utf8 AUTO_INCREMENT=322 ;

--
-- 資料表的匯出資料 `rule-model`
--

INSERT INTO `rule-model` (`id`, `model`, `rule`) VALUES
(1, '1', 1),
(2, '2', 1),
(3, '3', 1),
(4, '5', 1),
(5, '9', 1),
(6, '44', 1),
(7, '46', 1),
(8, '47', 1),
(9, '48', 1),
(10, '49', 1),
(11, '50', 1),
(12, '51', 1),
(13, '52', 1),
(14, '53', 1),
(15, '56', 1),
(16, '57', 1),
(17, '58', 1),
(18, '59', 1),
(19, '60', 1),
(20, '61', 1),
(21, '62', 1),
(22, '63', 1),
(23, '85', 1),
(24, '86', 1),
(25, '87', 1),
(26, '88', 1),
(27, '89', 1),
(28, '90', 1),
(29, '91', 1),
(30, '92', 1),
(31, '93', 1),
(32, '94', 1),
(33, '95', 1),
(34, '96', 1),
(35, '97', 1),
(36, '106', 1),
(37, '108', 1),
(38, '110', 1),
(39, '114', 1),
(40, '116', 1),
(41, '118', 1),
(42, '120', 1),
(43, '122', 1),
(44, '125', 1),
(45, '135', 1),
(46, '136', 1),
(47, '137', 1),
(48, '145', 1),
(49, '146', 1),
(50, '151', 1),
(51, '152', 1),
(52, '153', 1),
(53, '154', 1),
(54, '155', 1),
(55, '156', 1),
(56, '157', 1),
(57, '158', 1),
(58, '159', 1),
(59, '160', 1),
(60, '161', 1),
(61, '162', 1),
(62, '166', 1),
(63, '169', 1),
(64, '170', 1),
(65, '171', 1),
(66, '172', 1),
(67, '173', 1),
(68, '175', 1),
(69, '176', 1),
(70, '177', 1),
(71, '178', 1),
(72, '179', 1),
(73, '180', 1),
(74, '181', 1),
(75, '182', 1),
(76, '183', 1),
(77, '184', 1),
(78, '185', 1),
(79, '186', 1),
(80, '187', 1),
(81, '188', 1),
(82, '189', 1),
(83, '190', 1),
(84, '233', 1),
(85, '235', 1),
(86, '239', 1),
(87, '240', 1),
(88, '241', 1),
(89, '244', 1),
(90, '245', 1),
(91, '248', 1),
(92, '249', 1),
(93, '251', 1),
(94, '257', 1),
(95, '258', 1),
(96, '259', 1),
(97, '260', 1),
(98, '261', 1),
(99, '262', 1),
(100, '264', 1),
(101, '268', 1),
(102, '271', 1),
(103, '274', 1),
(104, '280', 1),
(105, '284', 1),
(106, '286', 1),
(107, '287', 1),
(108, '288', 1),
(109, '292', 1),
(110, '294', 1),
(111, '296', 1),
(112, '299', 1),
(113, '304', 1),
(114, '305', 1),
(115, '306', 1),
(116, '313', 1),
(117, '314', 1),
(118, '316', 1),
(119, '317', 1),
(120, '318', 1),
(121, '320', 1),
(122, '321', 1),
(123, '324', 1),
(124, '325', 1),
(125, '327', 1),
(126, '328', 1),
(127, '329', 1),
(128, '331', 1),
(129, '339', 1),
(130, '340', 1),
(131, '359', 1),
(132, '360', 1),
(133, '362', 1),
(134, '366', 1),
(135, '367', 1),
(136, '368', 1),
(137, '369', 1),
(138, '370', 1),
(139, '375', 1),
(140, '376', 1),
(141, '377', 1),
(142, '381', 1),
(143, '382', 1),
(144, '383', 1),
(145, '384', 1),
(146, '400', 1),
(147, '408', 1),
(148, '471', 1),
(149, '472', 1),
(150, '474', 1),
(151, '475', 1),
(152, '476', 1),
(153, '484', 1),
(154, '485', 1),
(155, '486', 1),
(156, '487', 1),
(157, '488', 1),
(158, '489', 1),
(159, '490', 1),
(160, '491', 1),
(161, '492', 1),
(162, '493', 1),
(163, '494', 1),
(164, '495', 1),
(165, '496', 1),
(166, '497', 1),
(167, '499', 1),
(168, '500', 1),
(169, '530', 1),
(170, '531', 1),
(171, '532', 1),
(172, '533', 1),
(173, '534', 1),
(174, '535', 1),
(175, '536', 1),
(176, '537', 1),
(177, '538', 1),
(178, '539', 1),
(179, '540', 1),
(180, '541', 1),
(181, '553', 1),
(182, '554', 1),
(183, '555', 1),
(184, '556', 1),
(185, '557', 1),
(186, '566', 1),
(187, '567', 1),
(188, '568', 1),
(189, '570', 1),
(190, '571', 1),
(191, '431', 1),
(192, '432', 1),
(193, '433', 1),
(194, '435', 1),
(195, '437', 1),
(196, '438', 1),
(197, '439', 1),
(198, '447', 1),
(199, '449', 1),
(200, '450', 1),
(201, '451', 1),
(202, '452', 1),
(203, '453', 1),
(204, '454', 1),
(205, '456', 1),
(206, '459', 1),
(207, '461', 1),
(208, '606', 1),
(209, '607', 1),
(210, '608', 1),
(211, '626', 1),
(212, '629', 1),
(213, '630', 1),
(214, '631', 1),
(215, '632', 1),
(216, '635', 1),
(217, '638', 1),
(218, '639', 1),
(219, '641', 1),
(220, '646', 1),
(221, '647', 1),
(222, '648', 1),
(223, '649', 1),
(224, '652', 1),
(225, '673', 1),
(226, '676', 1),
(227, '678', 1),
(228, '679', 1),
(229, '681', 1),
(230, '685', 1),
(231, '691', 1),
(232, '692', 1),
(233, '694', 1),
(234, '695', 1),
(235, '699', 1),
(236, '700', 1),
(237, '701', 1),
(238, '702', 1),
(239, '705', 1),
(240, '706', 1),
(241, '707', 1),
(242, '710', 1),
(243, '711', 1),
(244, '713', 1),
(245, '716', 1),
(246, '717', 1),
(247, '721', 1),
(248, '726', 1),
(249, '727', 1),
(250, '755', 1),
(251, '757', 1),
(252, '763', 1),
(253, '766', 1),
(254, '785', 1),
(255, '787', 1),
(256, '789', 1),
(257, '790', 1),
(258, '795', 1),
(259, '796', 1),
(260, '807', 1),
(261, '811', 1),
(262, '817', 1),
(263, '818', 1),
(264, '820', 1),
(265, '822', 1),
(266, '823', 1),
(267, '826', 1),
(268, '827', 1),
(269, '828', 1),
(270, '833', 1),
(271, '837', 1),
(272, '847', 1),
(273, '848', 1),
(274, '852', 1),
(275, '853', 1),
(276, '855', 1),
(277, '856', 1),
(278, '863', 1),
(279, '865', 1),
(280, '866', 1),
(281, '867', 1),
(282, '868', 1),
(283, '870', 1),
(284, '872', 1),
(285, '873', 1),
(286, '874', 1),
(287, '875', 1),
(288, '877', 1),
(289, '880', 1),
(290, '882', 1),
(291, '884', 1),
(292, '885', 1),
(293, '887', 1),
(294, '891', 1),
(295, '892', 1),
(296, '895', 1),
(297, '897', 1),
(298, '899', 1),
(299, '900', 1),
(300, '901', 1),
(301, '902', 1),
(302, '906', 1),
(303, '908', 1),
(304, '911', 1),
(305, '918', 1),
(306, '922', 1),
(307, '923', 1),
(308, '925', 1),
(309, '926', 1),
(310, '932', 1),
(311, '937', 1),
(312, '942', 1),
(313, '944', 1),
(314, '945', 1),
(315, '948', 1),
(316, '964', 1),
(317, '965', 1),
(318, '966', 1),
(319, '967', 1),
(320, '968', 1),
(321, '969', 1);

-- --------------------------------------------------------

--
-- 資料表結構 `rule-occ`
--

DROP TABLE IF EXISTS `rule-occ`;
CREATE TABLE IF NOT EXISTS `rule-occ` (
  `id` int(11) NOT NULL AUTO_INCREMENT,
  `occ` varchar(32) NOT NULL,
  `rule` int(11) NOT NULL,
  PRIMARY KEY (`id`),
  KEY `rule` (`rule`)
) ENGINE=MyISAM  DEFAULT CHARSET=utf8 AUTO_INCREMENT=141 ;

--
-- 資料表的匯出資料 `rule-occ`
--

INSERT INTO `rule-occ` (`id`, `occ`, `rule`) VALUES
(1, '7', 1),
(2, '11', 1),
(3, '12', 1),
(4, '14', 1),
(5, '16', 1),
(6, '19', 1),
(7, '20', 1),
(8, '24', 1),
(9, '28', 1),
(10, '29', 1),
(11, '32', 1),
(12, '33', 1),
(13, '38', 1),
(14, '41', 1),
(15, '45', 1),
(16, '46', 1),
(17, '52', 1),
(18, '53', 1),
(19, '54', 1),
(20, '55', 1),
(21, '56', 1),
(22, '57', 1),
(23, '58', 1),
(24, '59', 1),
(25, '60', 1),
(26, '61', 1),
(27, '62', 1),
(28, '63', 1),
(29, '64', 1),
(30, '65', 1),
(31, '66', 1),
(32, '67', 1),
(33, '68', 1),
(34, '69', 1),
(35, '71', 1),
(36, '72', 1),
(37, '73', 1),
(38, '74', 1),
(39, '75', 1),
(40, '76', 1),
(41, '77', 1),
(42, '78', 1),
(43, '79', 1),
(44, '80', 1),
(45, '81', 1),
(46, '82', 1),
(47, '83', 1),
(48, '84', 1),
(49, '85', 1),
(50, '86', 1),
(51, '87', 1),
(52, '88', 1),
(53, '89', 1),
(54, '90', 1),
(55, '91', 1),
(56, '92', 1),
(57, '93', 1),
(58, '94', 1),
(59, '95', 1),
(60, '96', 1),
(61, '97', 1),
(62, '98', 1),
(63, '99', 1),
(64, '100', 1),
(65, '101', 1),
(66, '102', 1),
(67, '103', 1),
(68, '104', 1),
(69, '105', 1),
(70, '106', 1),
(71, '107', 1),
(72, '108', 1),
(73, '109', 1),
(74, '114', 1),
(75, '115', 1),
(76, '116', 1),
(77, '117', 1),
(78, '118', 1),
(79, '119', 1),
(80, '120', 1),
(81, '121', 1),
(82, '122', 1),
(83, '123', 1),
(84, '124', 1),
(85, '125', 1),
(86, '126', 1),
(87, '127', 1),
(88, '128', 1),
(89, '130', 1),
(90, '131', 1),
(91, '132', 1),
(92, '133', 1),
(93, '134', 1),
(94, '135', 1),
(95, '136', 1),
(96, '137', 1),
(97, '138', 1),
(98, '139', 1),
(99, '140', 1),
(100, '141', 1),
(101, '142', 1),
(102, '143', 1),
(103, '144', 1),
(104, '147', 1),
(105, '148', 1),
(106, '149', 1),
(107, '150', 1),
(108, '151', 1),
(109, '152', 1),
(110, '153', 1),
(111, '154', 1),
(112, '155', 1),
(113, '156', 1),
(114, '157', 1),
(115, '158', 1),
(116, '159', 1),
(117, '160', 1),
(118, '161', 1),
(119, '162', 1),
(120, '163', 1),
(121, '164', 1),
(122, '165', 1),
(123, '166', 1),
(124, '167', 1),
(125, '168', 1),
(126, '169', 1),
(127, '170', 1),
(128, '171', 1),
(129, '172', 1),
(130, '173', 1),
(131, '174', 1),
(132, '175', 1),
(133, '176', 1),
(134, '177', 1),
(135, '178', 1),
(136, '179', 1),
(137, '180', 1),
(138, '181', 1),
(139, '182', 1),
(140, '184', 1);

-- --------------------------------------------------------

--
-- 資料表結構 `sub-plan`
--

DROP TABLE IF EXISTS `sub-plan`;
CREATE TABLE IF NOT EXISTS `sub-plan` (
  `id` int(11) NOT NULL AUTO_INCREMENT,
  `rule_id` int(11) NOT NULL,
  `name` varchar(255) CHARACTER SET utf8 NOT NULL,
  `add_price` varchar(8) CHARACTER SET utf8 NOT NULL,
  `zh` text CHARACTER SET utf8 NOT NULL,
  `en` text CHARACTER SET utf8 NOT NULL,
  `pdf_url_en` varchar(255) CHARACTER SET utf8 NOT NULL,
  `pdf_url_zh` varchar(255) NOT NULL,
  PRIMARY KEY (`id`)
) ENGINE=MyISAM  DEFAULT CHARSET=latin1 AUTO_INCREMENT=7 ;

--
-- 資料表的匯出資料 `sub-plan`
--

INSERT INTO `sub-plan` (`id`, `rule_id`, `name`, `add_price`, `zh`, `en`, `pdf_url_en`, `pdf_url_zh`) VALUES
(6, 1, 'windscreen cover', '100', '三保都有檔風玻璃啊~~~', 'Windscreen cover even Third Party Risk Cover only', '', '');

/*!40101 SET CHARACTER_SET_CLIENT=@OLD_CHARACTER_SET_CLIENT */;
/*!40101 SET CHARACTER_SET_RESULTS=@OLD_CHARACTER_SET_RESULTS */;
/*!40101 SET COLLATION_CONNECTION=@OLD_COLLATION_CONNECTION */;
